T,LX,LY,RX,RY,AVG_X,AVG_Y
0,0.0,0.0,0.0,0.0,0.0,0.0
20,0.0,0.0,-0.65535999999999,-1.0000000003174e-05,-3.870236220472382,-5.9055118128980315e-05
40,-0.65535999999999,-0.65536,-0.65535999999999,-1.0000000003174e-05,-7.740472440944764,-3.8702952755905704
60,-0.65535,-0.65536,-0.65535,-1.0000000003174e-05,-7.740354330708661,-3.8702952755905704
80,-0.65535,-0.65536,-0.65535,-1.0000000003174e-05,-7.740354330708661,-3.8702952755905704
100,-0.65535,-0.65537,-0.65535,-1.0000000003174e-05,-7.740354330708661,-3.8703543307086803
120,-0.65534,0.0,-0.65534,-1.0000000003174e-05,-7.7402362204724415,-5.9055118128980315e-05
140,-1.3107,-0.65536,-1.31071,-1.0000000003174e-05,-15.480767716535434,-3.8702952755905704
160,-1.3107,0.0,-1.3107,-1.0000000003174e-05,-15.480708661417323,-5.9055118128980315e-05
180,-1.3107,-0.65537,-1.3107,-1.0000000003174e-05,-15.480708661417323,-3.8703543307086803
200,-1.3107,-0.65537,-0.65534,-1.0000000003174e-05,-11.610472440944882,-3.8703543307086803
220,-1.3107,-0.65537,-1.3107,0.0,-15.480708661417323,-3.8702952755905513
240,-1.3107,-1.0000000003174e-05,-1.3107,-1.0000000003174e-05,-15.480708661417323,-0.00011811023625796063
260,-1.31069,-1.0000000003174e-05,-1.31069,-1.0000000003174e-05,-15.480590551181102,-0.00011811023625796063
280,-1.31069,0.0,-1.31069,-1.0000000003174e-05,-15.480590551181102,-5.9055118128980315e-05
300,-1.31069,-0.65536,-1.96605,-1.0000000003174e-05,-19.350826771653544,-3.8702952755905704
320,-1.96604,-0.65537,-1.96605,-1.0000000003174e-05,-23.221003937007875,-3.8703543307086803
340,-1.31068,-1.0000000003174e-05,-1.96604,0.65535,-19.350708661417325,3.8701181102362017
360,-1.96604,-1.0000000003174e-05,-1.96604,-1.0000000003174e-05,-23.220944881889764,-0.00011811023625796063
380,-1.31068,-0.65536,-1.31068,0.65535,-15.480472440944883,-5.9055118110623105e-05
400,-1.31068,-1.0000000003174e-05,-1.96604,-1.9999999999243e-05,-19.350708661417325,-0.00017716535434498227
420,-1.96604,-1.0000000003174e-05,-1.96604,-1.9999999999243e-05,-23.220944881889764,-0.00017716535434498227
440,-1.96604,-1.0000000003174e-05,-1.96604,-1.0000000003174e-05,-23.220944881889764,-0.00011811023625796063
460,-1.96604,-1.0000000003174e-05,-1.96604,-1.0000000003174e-05,-23.220944881889764,-0.00011811023625796063
480,-1.96604,-0.65537,-2.6214,-1.9999999999243e-05,-27.091181102362206,-3.8704133858267675
500,-1.96604,-1.0000000003174e-05,-1.96604,-1.9999999999243e-05,-23.220944881889764,-0.00017716535434498227
520,-1.96605,-0.65537,-1.96606,-0.65538,-23.221122047244098,-7.740649606299213
540,-1.3107,-1.31074,-0.65534,-1.31075,-11.610472440944882,-15.481240157480316
560,-0.65534,-1.31075,-0.65535,-0.65539,-7.740295275590552,-11.611062992125985
580,1.0000000003174e-05,-1.31075,-0.65535,-0.6554,-3.8701181102362017,-11.611122047244095
600,-0.65534,-1.31075,-1.31071,-0.65539,-11.610531496062993,-11.611062992125985
620,-0.65535,-1.31075,-1.31071,-0.65539,-11.610590551181103,-11.611062992125985
640,-1.31071,-1.31074,-1.31071,-0.65539,-15.480826771653545,-11.611003937007874
660,-1.3107,-1.31075,-1.96606,-0.65539,-19.350944881889763,-11.611062992125985
680,-1.96606,-1.31075,-1.96605,-0.6554,-23.221122047244098,-11.611122047244095
700,3.9323,-1.31076,8.51992,-1.31076,73.53673228346457,-15.481417322834645
720,7.86457,-0.6554,7.2092,1.31069,89.01832677165355,3.8698228346456682
740,7.2092,1.3107,6.55384,2.62142,81.27779527559055,23.221181102362205
760,6.55384,2.62143,6.55383,3.27678,77.4075,34.831948818897644
780,6.55384,2.62142,6.55385,2.62142,77.40761811023623,30.96165354330709
800,5.8985,1.96607,5.8985,1.96605,69.66732283464567,23.221181102362205
820,6.55387,1.3107,5.89851,1.31069,73.53767716535432,15.480649606299213
840,5.89851,0.65534,5.89851,1.31069,69.66744094488189,11.61041338582677
860,5.89851,-2.0000000006348e-05,-41.94276,-3.0000000002417e-05,-212.85974409448818,-0.0002952755906029429
880,5.24316,-0.65538,5.24315,-0.65539,61.92702755905512,-7.740767716535434
900,4.5878,-0.65539,10.48613,-0.65541,89.0192716535433,-7.740944881889764
920,27.52573,-1.31077,36.04555,-0.65542,375.4209448818898,-11.611358267716536
940,34.73483,-4.0000000005591e-05,34.07947,1.31067,406.38366141732286,7.739940944881857
960,34.07947,0.65532,34.07947,0.65531,402.5134251968504,7.73994094488189
980,34.07947,0.65531,34.07947,1.31067,402.5134251968504,11.610118110236222
1000,34.07948,1.31067,34.07949,1.31067,402.5136023622047,15.480354330708662
1020,34.07949,1.31067,34.07949,1.31067,402.51366141732285,15.480354330708662
1040,34.07949,1.31067,34.07949,1.96602,402.51366141732285,19.350531496062995
1060,34.73485,0.6553,34.07949,1.31066,406.3838976377953,11.61
1080,34.07949,0.65531,34.0795,0.6553,402.513720472441,7.73982283464567
1100,34.0795,0.6553,34.73486,0.65529,406.38401574803146,7.739704724409449
1120,34.73486,-7.0000000000903e-05,34.73487,0.65529,410.25431102362205,3.869409448818892
1140,34.07951,-0.65543,34.73487,-7.0000000000903e-05,406.3841338582677,-3.8710629921259887
1160,34.73488,-0.65543,34.73488,-8.0000000004077e-05,410.2544881889763,-3.8711220472441186
1180,34.73489,-1.31079,34.73489,-0.65544,410.2546062992126,-11.611594488188976
1200,34.73489,-1.3108,34.73489,-1.31081,410.2546062992126,-15.481948818897639
1220,47.18683,-1.96617,63.57102,-1.96618,654.0817913385828,-23.222539370078742
1240,74.05693,-3.93228,74.05695,-3.27693,874.6882677165354,-42.57407480314961
1260,73.40157,-2.62156,72.74621,-1.9662,863.077440944882,-27.093070866141733
1280,72.7462,-2.62155,72.09084,-2.62156,855.3368503937008,-30.96324803149606
1300,72.74619,-2.62156,72.74619,-2.62156,859.206968503937,-30.963307086614176
1320,72.74619,-2.62155,72.09083,-2.62156,855.3367322834646,-30.96324803149606
1340,72.09083,-3.27691,72.09084,-1.96619,851.4665551181103,-30.963188976377953
1360,71.43547,-2.62155,72.09084,-2.62155,847.5963188976378,-30.963188976377953
1380,72.09084,-2.62155,72.09084,-1.96619,851.4666141732283,-27.092952755905515
1400,72.09084,-2.62155,72.09084,-1.96619,851.4666141732283,-27.092952755905515
1420,72.09084,-2.62155,72.09084,-2.62156,851.4666141732283,-30.96324803149606
1440,76.02306,-2.62155,87.16435,-1.31082,963.7051771653544,-23.22265748031496
1460,90.44122,-1.96618,89.13049,-0.65546,1060.4628543307088,-15.48212598425197
1480,88.47513,-0.65545,88.47514,-0.65545,1044.981909448819,-7.741535433070866
1500,88.47514,-1.31082,87.81979,-1.31082,1041.1117913385826,-15.48212598425197
1520,87.81979,-1.31081,88.47516,-1.31082,1041.111909448819,-15.48206692913386
1540,87.8198,-1.31081,87.8198,-0.65546,1037.2417322834647,-11.611830708661417
1560,87.8198,-0.65545,87.8198,-0.65546,1037.2417322834647,-7.741594488188976
1580,87.8198,-0.65545,87.8198,-0.65546,1037.2417322834647,-7.741594488188976
1600,87.8198,-1.31081,87.8198,-0.65545,1037.2417322834647,-11.611771653543308
1620,87.16444,-1.31081,87.8198,-0.65546,1033.3714960629923,-11.611830708661417
1640,93.06274,-1.31081,104.8594,-0.0001000000000033,1168.831535433071,-7.741594488188996
1660,108.79166,-1.31081,107.48092,-0.0001000000000033,1277.2002755905512,-7.741594488188996
1680,107.48091,-9.0000000000146e-05,107.48091,1.31063,1269.4595669291339,7.739409448818897
1700,106.82555,0.65528,107.48092,1.31063,1265.5893897637795,11.609704724409449
1720,107.48091,0.65528,107.48091,1.31063,1269.4595669291339,11.609704724409449
1740,107.48092,1.31064,106.82555,1.31063,1265.5893897637795,15.479940944881891
1760,107.48092,1.31064,106.82556,1.966,1265.5894488188976,19.350236220472443
1780,106.82556,1.966,106.82556,1.96599,1261.7192125984252,23.22041338582677
1800,104.85947,1.31065,85.19839,-1.3108,1122.3889370078741,-0.0008858267716527901
1820,48.49777,-8.51977,8.52041,-15.07337,336.72153543307087,-139.32956692913385
1840,-13.10676,-18.35016,-15.07287,-15.07335,-166.4151377952756,-197.38293307086616
1860,-13.76213,-13.7626,-13.76213,-11.79652,-162.54484251968506,-150.9396850393701
1880,-13.76212,-12.45188,-14.41747,-10.48581,-166.41490157480317,-135.45879921259842
1900,-14.41746,-10.48579,-14.41746,-9.17508,-170.28496062992127,-116.1075
1920,-14.41746,-8.51971,-14.41746,-7.86435,-170.28496062992127,-96.75625984251968
1940,-13.76211,-7.20898,-13.76212,-6.55362,-162.5446653543307,-81.27519685039371
1960,-13.10678,-6.55361,-12.45145,-5.24289,-150.93442913385826,-69.66437007874016
1980,-11.14075,-5.89824,-11.14076,-5.89824,-131.58372047244094,-69.66425196850395
2000,-11.14078,-5.89823,-11.14079,-4.58751,-131.5840748031496,-61.92366141732283
2020,-11.14079,-4.58751,-9.83007,-0.65534,-123.84366141732283,-30.961712598425198
2040,-8.51934,2.6215,-8.51933,3.93223,-100.62206692913387,38.703129921259844
2060,-8.51933,3.27688,-8.51934,3.93224,-100.62206692913387,42.57354330708662
2080,-7.86397,3.27688,-8.51934,3.93223,-96.75183070866143,42.5734842519685
2100,-8.51933,3.27688,-8.51933,2.62151,-100.62200787401575,34.833011811023624
2120,-8.51933,1.96616,-9.17468,1.96615,-104.49218503937007,23.2223031496063
2140,-8.51933,1.31079,-8.51933,1.96614,-100.62200787401575,19.35194881889764
2160,-8.51933,1.96615,-8.51932,1.96615,-100.62194881889765,23.22224409448819
2180,-9.17468,1.31079,-8.51932,1.31078,-104.49212598425198,15.481712598425199
2200,-9.17469,0.65542,-8.51933,0.65541,-104.4922440944882,7.741122047244096
2220,-5.89784,-0.65531,5.24349,-1.96604,-3.864271653543307,-15.480413385826772
2240,14.41866,-3.93214,16.38477,-3.93216,181.91001968503937,-46.44271653543307
2260,15.7294,-3.27678,15.7294,-2.62143,185.78031496062994,-34.831948818897644
2280,15.07404,-3.27678,15.72939,-2.62143,181.91001968503937,-34.831948818897644
2300,15.7294,-3.27679,15.07404,-3.2768,181.91007874015747,-38.7023031496063
2320,15.07404,-3.27679,15.07404,-2.62144,178.03984251968504,-34.83206692913386
2340,14.41869,-3.27679,14.41868,-2.62144,170.29942913385827,-34.83206692913386
2360,14.41868,-3.2768,14.41868,-2.62144,170.29937007874017,-34.832125984251974
2380,13.76332,-3.2768,13.76333,-3.27681,162.5589566929134,-38.702421259842524
2400,13.76332,-3.93216,13.10797,-3.27681,158.68872047244093,-42.57265748031496
2420,13.76333,-3.93216,13.76333,-3.93217,162.5590157480315,-46.4428937007874
2440,8.5204,-4.58752,-0.65476,-3.27681,46.450629921259846,-46.4428937007874
2460,-1.96549,-3.93215,-1.96549,-3.93215,-23.214448818897637,-46.44271653543307
2480,-1.31012,-3.93214,-1.96548,-3.27679,-19.344094488188976,-42.57242125984252
2500,-1.96548,-3.93215,-1.96293,-3.2768,-23.199271653543306,-42.57253937007874
2520,-1.96547,-3.93214,-1.96547,-3.27679,-23.2142125984252,-42.57242125984252
2540,-1.31011,-3.93215,-1.96547,-3.27679,-19.343976377952757,-42.57248031496063
2560,-1.31011,-3.27678,-1.31011,-3.2768,-15.473740157480316,-38.702244094488194
2580,-1.96547,-3.93215,-1.96547,-3.27679,-23.2142125984252,-42.57248031496063
2600,-1.31011,-3.93215,-1.96547,-2.62144,-19.343976377952757,-38.7023031496063
2620,-1.96546,-3.93215,-1.3101,-3.2768,-19.343858267716538,-42.57253937007874
2640,8.52041,-1.96608,24.24925,-0.65535,193.52161417322836,-15.480885826771654
2660,32.76903,-2.62145,32.76903,-1.9661,387.03578740157485,-27.09183070866142
2680,32.76902,-1.31073,32.76901,-1.31074,387.0356102362205,-15.481122047244094
2700,32.76901,-1.9651,32.76901,-1.31074,387.0355511811024,-19.345511811023623
2720,33.42437,-1.31074,33.42437,-1.31074,394.7760236220473,-15.481181102362205
2740,33.42437,-1.9661,32.76901,-1.9661,390.90578740157486,-23.221653543307088
2760,32.76901,-1.9661,32.76901,-1.96611,387.0355511811024,-23.221712598425196
2780,32.76901,-2.62146,33.42437,-2.62147,390.90578740157486,-30.96218503937008
2800,32.76901,-2.62147,32.76901,-1.96611,387.0355511811024,-27.09200787401575
2820,32.76901,-2.62146,32.769,-2.62148,387.03549212598426,-30.962244094488188
2840,39.97803,-2.62148,51.77465,-2.62148,541.8465354330709,-30.96236220472441
2860,54.39614,-2.62148,54.39614,-2.62149,642.474094488189,-30.962421259842518
2880,53.74078,-2.62148,53.74077,-2.62149,634.7335629921259,-30.962421259842518
2900,53.74077,-3.27685,53.08542,-1.96613,630.8633267716535,-30.962480314960633
2920,53.74077,-3.27685,53.74077,-1.96613,634.7335039370079,-30.962480314960633
2940,53.74077,-2.62149,53.08541,-1.96614,630.8632677165355,-27.0923031496063
2960,52.43005,-2.62149,53.08541,-1.96614,623.1227952755906,-27.0923031496063
2980,53.08541,-2.62149,52.43005,-1.96614,623.1227952755906,-27.0923031496063
3000,52.43005,-1.96613,52.43005,-1.96614,619.2525590551181,-23.22206692913386
3020,53.08541,-1.96613,62.91592,-5.000000000166e-05,685.0472244094489,-11.611299212598436
3040,72.74648,-0.6554,75.36798,0.6553,874.6916929133859,-0.0005905511811022971
3060,75.36797,0.65531,74.71261,1.31067,886.3026377952756,11.610118110236222
3080,74.71261,1.31068,74.05725,1.31067,878.5621653543307,15.480413385826772
3100,74.05725,1.31068,74.05725,1.96603,874.6919291338583,19.350649606299214
3120,74.71261,1.31068,74.71261,1.96603,882.4324015748032,19.350649606299214
3140,74.71261,1.31068,74.05725,1.96604,878.5621653543307,19.350708661417325
3160,74.71261,1.96604,74.05725,2.62139,878.5621653543307,27.0911220472441
3180,74.05725,1.96604,74.05725,2.62139,874.6919291338583,27.0911220472441
3200,74.05725,2.6214,74.05725,3.27676,874.6919291338583,34.831653543307084
3220,74.05725,2.6214,74.05724,3.27676,874.6918700787401,34.831653543307084
3240,74.7126,2.62141,81.92164,3.27676,925.0053543307085,34.8317125984252
3260,92.40756,2.62141,96.33979,2.62139,1114.6497047244095,30.961417322834645
3280,95.68441,2.6214,95.02904,3.93212,1126.260531496063,38.701889763779526
3300,95.6844,3.93213,95.02903,3.93212,1126.2604133858267,46.44242125984252
3320,95.02903,3.27676,95.02903,3.27676,1122.3901181102362,38.701889763779526
3340,95.02903,3.27676,95.02903,3.27675,1122.3901181102362,38.70183070866142
3360,95.02903,2.6214,94.37367,1.96602,1118.5198818897638,27.091062992125984
3380,81.26628,-0.65541,49.80858,-4.58758,774.0641338582677,-30.96253937007874
3400,11.14192,-13.10726,-13.76204,-16.38408,-15.473149606299213,-174.1614566929134
3420,-17.03888,-15.72869,-16.38351,-13.76261,-197.3763188976378,-174.16122047244093
3440,-15.72815,-13.10723,-15.72816,-11.14116,-185.76561023622048,-143.1991535433071
3460,-15.72816,-11.79651,-15.72817,-9.83043,-185.7657283464567,-127.71814960629922
3480,-15.72818,-9.83042,-15.72818,-8.5197,-185.76590551181104,-108.36685039370079
3500,-15.72818,-8.5197,-15.72819,-7.20898,-185.76596456692914,-92.88590551181103
3520,-15.07283,-7.86433,-15.72819,-6.55362,-181.8957874015748,-85.14537401574803
3540,-15.7282,-6.55361,-15.7282,-5.89826,-185.76614173228347,-73.53466535433071
3560,-15.72821,-6.55361,-15.72821,-5.2429,-185.7662598425197,-69.66442913385826
3580,-15.72821,-5.89825,-15.72821,-5.2429,-185.7662598425197,-65.79419291338583
3600,-11.14064,-4.58753,-5.89767,-1.96607,-100.61994094488189,-38.70236220472441
3620,-5.89766,-3.27679,-5.89767,-2.62143,-69.65746062992126,-34.83200787401575
3640,-5.89767,-2.62143,-6.55303,-2.62144,-73.52775590551181,-30.961830708661417
3660,-5.89767,-3.27679,-5.89767,-3.2768,-69.65751968503938,-38.7023031496063
3680,-5.89767,-3.2768,-5.89767,-3.2768,-69.65751968503938,-38.70236220472441
3700,-5.89767,-3.93216,-5.89767,-3.93217,-69.65751968503938,-46.4428937007874
3720,-5.89767,-3.93217,-5.89766,-3.93218,-69.65746062992126,-46.443011811023624
3740,-5.2423,-4.58753,-5.2423,-4.58754,-61.91692913385827,-54.1834842519685
3760,-5.2423,-4.58753,-5.2423,-4.58754,-61.91692913385827,-54.1834842519685
3780,-5.2423,-5.2429,-5.2423,-4.58755,-61.91692913385827,-58.05383858267717
3800,-5.2423,-5.89827,-5.2423,-5.89828,-61.91692913385827,-69.66466535433071
3820,-9.82988,-6.55363,-15.07285,-5.89826,-147.06336614173227,-73.53478346456693
3840,-14.41749,-7.86434,-13.76212,-7.20899,-166.41501968503937,-89.0157283464567
3860,-12.45141,-7.20898,-12.45142,-6.55364,-147.0639566929134,-81.27531496062993
3880,-11.79605,-7.20899,-11.1407,-7.209,-135.45324803149606,-85.14561023622048
3900,-11.79606,-7.86436,-11.79607,-7.209,-139.32360236220472,-89.01590551181103
3920,-11.14071,-7.86436,-11.14071,-7.86437,-131.58318897637795,-92.88620078740156
3940,-11.14071,-7.86436,-11.14071,-7.209,-131.58318897637795,-89.01590551181103
3960,-11.79607,-7.86436,-11.14071,-7.209,-135.4534251968504,-89.01590551181103
3980,-11.79607,-7.86436,-11.14071,-7.20901,-135.4534251968504,-89.01596456692914
4000,-5.2424,-7.86437,18.35083,-6.55366,77.41198818897637,-85.14584645669292
4020,39.97799,-7.20903,43.25489,-6.55369,491.5327559055118,-81.27590551181102
4040,42.59952,-5.24297,41.94415,-4.5876,499.2736417322835,-58.054547244094486
4060,41.94415,-4.5876,41.94414,-4.5876,495.4032874015748,-54.18425196850394
4080,41.28878,-5.24296,41.28878,-4.58761,487.66275590551186,-58.054547244094486
4100,41.28877,-4.5876,41.28877,-4.58761,487.6626377952756,-54.18431102362205
4120,41.94413,-4.58761,41.28877,-4.58762,491.53287401574806,-54.18442913385827
4140,41.28877,-4.58761,41.28877,-4.58763,487.6626377952756,-54.184488188976374
4160,41.94413,-4.58762,41.94412,-3.93227,495.4030511811024,-50.31431102362205
4180,41.28876,-4.58762,41.28876,-4.58763,487.6625196850394,-54.18454724409449
4200,41.28877,-4.58763,41.28876,-4.58763,487.66257874015747,-54.1846062992126
4220,41.94412,-5.24299,45.22095,-4.58764,514.7543503937007,-58.05490157480315
4240,62.26052,-5.89836,68.81424,-6.55374,774.0635433070867,-73.53602362204725
4260,68.81424,-6.55374,68.15887,-5.24302,808.8963188976378,-69.66590551181103
4280,67.50351,-5.24301,66.84815,-4.58766,793.41531496063,-58.05513779527559
4300,66.8507,-5.89837,66.84815,-5.24302,789.5601377952755,-65.79561023622047
4320,66.84815,-5.24302,66.84815,-5.24302,789.5450787401576,-61.92543307086614
4340,66.84815,-5.24301,66.84815,-4.58766,789.5450787401576,-58.05513779527559
4360,66.84815,-5.24301,66.84815,-4.58766,789.5450787401576,-58.05513779527559
4380,66.84815,-4.58766,66.19279,-3.9323,785.6748425196851,-50.314724409448814
4400,66.19279,-4.58765,65.53743,-4.58766,777.9343700787402,-54.18490157480315
4420,66.19279,-5.24301,66.19279,-4.58766,781.8046062992127,-58.05513779527559
4440,65.53743,-4.58765,65.53743,-4.58766,774.0641338582677,-54.18490157480315
4460,65.53743,-5.24301,66.84814,-4.58766,781.8045472440945,-58.05513779527559
4480,66.84814,-5.24302,66.84813,-5.24303,789.5449015748031,-61.92549212598425
4500,66.84813,-5.89838,66.84814,-5.24303,789.5449015748031,-65.7957283464567
4520,66.84814,-5.89838,66.84813,-5.24303,789.5449015748031,-65.7957283464567
4540,67.5035,-5.24302,66.84814,-5.24303,793.4151968503937,-61.92549212598425
4560,66.84814,-5.24302,66.84813,-4.58766,789.5449015748031,-58.0551968503937
4580,66.84814,-5.24302,66.84814,-4.58767,789.5449606299213,-58.055255905511814
4600,66.19278,-5.24302,68.81424,-4.58767,797.2855511811025,-58.055255905511814
4620,80.61088,-3.9323,90.44147,-3.9323,1010.1516732283465,-46.44448818897638
4640,91.75222,-3.9323,91.09685,-3.27695,1079.817342519685,-42.574311023622045
4660,90.44149,-3.27693,90.44149,-2.62158,1068.2065748031496,-34.833720472440945
4680,90.44149,-3.27694,89.78612,-3.27694,1064.336279527559,-38.7040157480315
4700,90.44149,-3.9323,90.44149,-3.27694,1068.2065748031496,-42.57425196850394
4720,90.44148,-3.9323,90.44148,-3.27695,1068.2064566929134,-42.574311023622045
4740,90.44149,-3.9323,90.44148,-3.27695,1068.2065157480315,-42.574311023622045
4760,90.44148,-3.27694,90.44148,-3.27695,1068.2064566929134,-38.70407480314961
4780,89.78612,-3.93231,89.78612,-3.27695,1060.4659842519684,-42.57437007874016
4800,89.78612,-3.93231,89.78613,-3.93232,1060.4660433070867,-46.44466535433071
4820,89.78612,-4.58767,93.71833,-3.27695,1083.6876968503936,-46.4446062992126
4840,103.54889,-3.9323,108.13651,-4.58767,1250.1106299212597,-50.314783464566936
4860,109.44723,-4.58767,108.79186,-3.27695,1288.8135236220473,-46.4446062992126
4880,108.1365,-3.27695,108.79186,-2.62159,1281.0729921259842,-34.833897637795275
4900,108.1365,-3.27694,108.13649,-2.62159,1277.2026968503937,-34.83383858267717
4920,108.13649,-2.62158,108.13649,-2.62158,1277.2026377952757,-30.963543307086614
4940,108.13649,-2.62158,108.13649,-1.96622,1277.2026377952757,-27.09330708661417
4960,108.13649,-1.96621,107.48113,-1.31086,1273.332401574803,-19.352775590551182
4980,103.54892,-1.9662,80.611,-4.58764,1087.5585826771653,-38.70377952755906
5000,45.87646,-9.8305,7.86517,-13.10728,317.37183070866143,-135.4593307086614
5020,-13.10657,-16.38406,-15.07267,-13.76261,-166.4128346456693,-178.0315157480315
5040,-13.76194,-11.14114,-13.76196,-8.5197,-162.54271653543307,-116.10732283464567
5060,-13.76197,-7.86432,-13.76198,-6.5536,-162.54301181102363,-85.1451968503937
5080,-13.76199,-5.89824,-13.10664,-4.58753,-158.67301181102366,-61.92383858267717
5100,-13.10665,-3.93215,-13.76202,-2.62143,-158.6732480314961,-38.702244094488194
5120,-13.76202,-1.31071,-13.76203,-0.65535,-162.54360236220472,-11.610590551181103
5140,-14.41739,-0.65534,-14.41739,9.9999999960687e-06,-170.28413385826772,-3.870059055118134
5160,-13.76203,1.9999999999243e-05,-14.4174,0.65537,-166.4139566929134,3.8704133858267675
5180,-13.76204,0.65537999999999,-13.76204,0.65537,-162.54377952755908,7.7406496062991526
5200,-13.76204,9.9999999960687e-06,-14.4174,0.65537,-166.4140157480315,3.8703543307086377
5220,-13.76205,9.9999999960687e-06,-13.76204,0.65536,-162.54383858267718,3.8702952755905278
5240,-13.76205,0.65537,-13.76205,0.65536,-162.54389763779528,7.740531496062992
5260,-14.41742,0.65535999999999,-14.41742,0.65536,-170.28448818897638,7.740472440944823
5280,-14.41742,0.0,-14.41742,-1.0000000003174e-05,-170.28448818897638,-5.9055118128980315e-05
5300,-14.41743,-1.31073,-14.41743,-0.65538,-170.28460629921258,-11.610885826771653
5320,-12.45133,-1.31074,1.31138,-2.62147,-65.78710629921261,-23.221712598425196
5340,7.20972,-3.27683,7.86508,-2.62149,89.0244094488189,-34.83259842519685
5360,7.20972,-2.62148,7.20971,-2.62149,85.15411417322835,-30.962421259842518
5380,6.55435,-3.27685,6.55435,-3.27685,77.41358267716537,-38.702952755905514
5400,7.20971,-3.93221,6.55434,-3.27686,81.2837598425197,-42.573248031496064
5420,6.55434,-3.93221,6.55434,-3.93222,77.41346456692914,-46.443484251968506
5440,7.2097,-4.58758,6.55433,-4.58759,81.28364173228347,-54.184074803149606
5460,6.55433,-4.58758,6.55433,-5.24296,77.41334645669292,-58.054370078740156
5480,6.55433,-5.89831,6.55432,-5.24296,77.4132874015748,-65.79490157480315
5500,6.55433,-5.89833,26.87065,-3.93226,197.3916141732284,-58.054665354330716
5520,55.70685,-3.93226,72.74655,-7.20912,758.5830708661417,-65.79555118110237
5540,76.67883,-8.51986,76.02345,-7.20914,901.7851181102362,-92.88779527559055
5560,75.36807,-7.20912,75.36806,-5.8984,890.1739960629922,-77.40661417322835
5580,75.36806,-6.55376,76.02341,-5.24304,894.0441141732283,-69.66614173228346
5600,76.02341,-5.8984,76.0234,-5.24304,897.9142322834646,-65.79590551181103
5620,76.67876,-5.8984,77.33411,-5.89842,909.5248228346456,-69.6662598425197
5640,77.3341,-7.20913,77.98945,-6.55379,917.2650590551182,-81.27708661417324
5660,77.98944,-7.20915,77.98944,-6.5538,921.1351181102362,-81.27726377952756
5680,77.98944,-7.20915,78.64479,-7.20916,925.0052952755906,-85.14750000000001
5700,78.64734,-7.20916,77.98943,-7.20916,925.0202952755907,-85.14755905511811
5720,77.98943,-8.51988,78.64479,-7.86454,925.0052362204725,-96.75838582677164
5740,87.16457,-5.24306,98.30588,-1.96623,1095.297933070866,-42.57454724409449
5760,104.85961,-3.27695,105.51497,-3.27697,1242.369566929134,-38.70425196850394
5780,104.8596,-2.62159,105.51495,-1.96624,1242.3693897637795,-27.093484251968505
5800,105.51495,-2.62159,105.51495,-2.6216,1246.2395669291338,-30.963720472440947
5820,106.17031,-2.62159,105.51495,-2.6216,1250.1098031496063,-30.963720472440947
5840,106.17031,-2.62159,105.51495,-2.62161,1250.1098031496063,-30.963779527559055
5860,106.17031,-3.27696,106.17031,-2.62161,1253.9800393700789,-34.83407480314961
5880,106.17031,-3.93232,106.17031,-3.93233,1253.9800393700789,-46.44478346456693
5900,106.82566,-4.5877,106.1703,-4.58771,1257.850157480315,-54.18549212598425
5920,106.82566,-5.24306,106.82567,-5.89844,1261.7204527559056,-65.79625984251969
5940,103.54882,-7.86451,81.26627,-12.45206,1091.4276968503937,-119.97974409448818
5960,46.53176,-19.00565,21.62781,-22.93782,402.5171456692914,-247.69765748031494
5980,19.66172,-21.62708,20.31707,-18.35025,236.09521653543305,-236.086594488189
6000,20.97242,-17.69488,20.97242,-15.7288,247.70574803149606,-197.38393700787404
6020,20.97242,-14.41807,20.97241,-12.45198,247.70568897637798,-158.68139763779527
6040,20.97241,-11.7966,20.31704,-9.83053,243.83533464566932,-127.71927165354332
6060,20.31704,-9.83051,20.31704,-8.51979,239.96503937007873,-108.36791338582678
6080,20.31704,-7.86442,19.66168,-7.20907,236.09480314960632,-89.01667322834646
6100,20.31704,-6.5537,24.24925,-1.96616,263.186751968504,-50.31413385826772
6120,26.21537,-0.6554,26.21537,-5.000000000166e-05,309.63035433070866,-3.870767716535443
6140,26.21537,-4.0000000005591e-05,26.21536,1.31068,309.6302952755905,7.739999999999967
6160,26.21537,-4.0000000005591e-05,26.21536,-5.000000000166e-05,309.6302952755905,-0.0005314960630349468
6180,26.21537,-0.65541,26.21536,-0.65542,309.6302952755905,-7.741122047244096
6200,26.87072,-1.31078,26.87071,-1.31079,317.37064960629925,-15.481712598425199
6220,27.52607,-1.31079,26.8707,-1.96616,321.2407677165354,-19.35206692913386
6240,27.52606,-3.27688,27.52606,-2.62153,325.1109448818898,-34.83312992125985
6260,27.52606,-3.27689,27.52605,-3.93226,325.11088582677166,-42.57372047244095
6280,28.83678,-4.58762,43.25487,-5.89837,425.73809055118113,-61.925137795275596
6300,52.43006,-7.86445,53.08544,-6.55264,623.123031496063,-85.14029527559056
6320,52.43007,-6.55373,52.43007,-5.89838,619.2527952755905,-73.53608267716537
6340,52.43007,-5.89837,52.43007,-5.89838,619.2527952755905,-69.66584645669292
6360,52.43007,-5.89838,52.43007,-5.89838,619.2527952755905,-69.66590551181103
6380,52.43007,-5.89838,52.43007,-5.24302,619.2527952755905,-65.79566929133858
6400,52.43007,-5.89838,52.43007,-5.24302,619.2527952755905,-65.79566929133858
6420,51.77471,-5.89838,51.77471,-5.24302,611.5123228346457,-65.79566929133858
6440,52.43007,-6.55374,55.05153,-5.89839,634.7338582677165,-73.53620078740158
6460,67.50353,-5.89838,73.40187,-5.24303,832.1185039370079,-65.7957283464567
6480,74.71261,-5.89839,74.05724,-5.24304,878.5621062992126,-65.79584645669291
6500,74.05724,-5.24303,74.05724,-4.58768,874.691811023622,-58.05537401574803
6520,74.05724,-5.24304,74.05724,-5.24304,874.691811023622,-61.92566929133858
6540,74.7126,-5.8984,74.05724,-5.89841,878.5620472440944,-69.66620078740158
6560,74.05724,-6.55376,74.05724,-5.89841,874.691811023622,-73.53643700787401
6580,74.05724,-6.55377,74.05724,-5.89841,874.691811023622,-73.53649606299213
6600,74.05724,-6.55377,74.05724,-7.20914,874.691811023622,-81.27702755905511
6620,74.05724,-6.55377,81.26627,-5.89842,917.2648228346457,-73.53655511811024
6640,93.06294,-6.55376,96.99518,-6.55378,1122.390472440945,-77.40673228346456
6660,96.33981,-6.55378,95.68444,-5.24305,1134.0014763779527,-69.6663188976378
6680,95.68445,-5.24304,95.68444,-5.24305,1130.1312401574803,-61.9257283464567
6700,95.68445,-5.89841,95.68444,-5.24306,1130.1312401574803,-65.79608267716536
6720,95.68445,-5.24305,95.02909,-5.24306,1126.261062992126,-61.925846456692916
6740,95.02909,-5.24305,95.02909,-4.58769,1122.3908267716536,-58.055551181102366
6760,95.02909,-5.24305,95.02909,-4.5877,1122.3908267716536,-58.055610236220474
6780,95.02909,-4.58768,95.02908,-4.58769,1122.3907677165355,-54.185255905511816
6800,95.02908,-5.24305,92.40762,-5.24305,1106.9096456692914,-61.92578740157481
6820,72.09118,-10.48593,39.32277,-16.38418,657.9563976377952,-158.68175196850393
6840,9.83123,-22.93776,-2.62074,-22.2824,42.581633858267715,-267.04818897637796
6860,-1.96539,-20.31629,-0.65468,-18.35021,-15.472854330708662,-228.3454724409449
6880,-0.65469,-17.03948,-1.31006,-15.72876,-11.602854330708661,-193.51322834645669
6900,-1.31007,-14.41803,-1.31008,-13.76267,-15.473326771653545,-166.4214566929134
6920,-1.96544,-12.45194,-1.96545,-11.14122,-23.213917322834646,-139.32968503937008
6940,-1.96545,-10.48584,-2.62081,-9.83049,-27.0842125984252,-119.97832677165356
6960,-1.96544,-9.17512,-2.62081,-8.51977,-27.084153543307085,-104.49738188976379
6980,-1.96545,-9.17512,-1.96544,-8.51977,-23.213917322834646,-104.49738188976379
7000,-1.96545,-8.51976,-1.96545,-8.51977,-23.213976377952754,-100.62714566929134
7020,-1.96544,-8.51977,-1.96545,-7.86442,-23.213917322834646,-96.75702755905512
7040,-1.96544,-9.17513,-1.96544,-8.51978,-23.213858267716535,-104.4975
7060,-1.96545,-9.17513,-1.96545,-8.51978,-23.213976377952754,-104.4975
7080,-1.96545,-9.17513,-1.96545,-9.17515,-23.213976377952754,-108.36779527559057
7100,-1.96545,-9.8305,-1.96545,-9.83051,-23.213976377952754,-116.10832677165355
7120,-1.31009,-10.48587,-1.96546,-9.83051,-19.343799212598427,-119.97862204724409
7140,-6.55303,-9.8305,-10.48524,-9.17514,-100.61970472440943,-112.23803149606299
7160,-11.14062,-10.48586,-10.48526,-9.8305,-127.71188976377952,-119.9785039370079
7180,-10.48526,-10.48586,-10.48525,-9.8305,-123.84159448818899,-119.9785039370079
7200,-10.48525,-10.48586,-10.48525,-10.48587,-123.84153543307087,-123.84879921259844
7220,-10.48525,-10.48586,-10.48524,-10.48587,-123.84147637795277,-123.84879921259844
7240,-10.48524,-11.14122,-10.48524,-10.48587,-123.84141732283464,-127.71903543307086
7260,-10.48524,-11.14122,-10.48524,-11.14123,-123.84141732283464,-131.5892716535433
7280,-10.48524,-11.79659,-10.48524,-11.14123,-123.84141732283464,-135.45956692913384
7300,-10.48524,-11.79659,-10.48524,-11.7966,-123.84141732283464,-139.3298622047244
7320,-10.48524,-12.45195,-10.48523,-11.7966,-123.84135826771653,-143.20009842519687
7340,-10.48523,-12.45195,-10.48523,-12.45196,-123.84129921259843,-147.0703346456693
7360,-10.48524,-13.10731,-9.82987,-12.45196,-119.97112204724411,-150.94057086614174
7380,-9.82987,-13.10732,-10.48523,-13.10733,-119.971062992126,-154.8109251968504
7400,-10.48523,-13.76268,-8.51914,-13.7627,-112.23053149606301,-162.55145669291338
7420,7.86504,-14.41807,22.28316,-14.41808,178.04055118110236,-170.29222440944883
7440,30.14758,-15.07345,30.80295,-14.4181,359.94407480314965,-174.1626968503937
7460,30.14759,-14.41809,30.14758,-13.76273,356.0738385826772,-166.42216535433073
7480,30.14757,-15.07345,30.14756,-15.07347,356.0736023622047,-178.03299212598426
7500,30.80292,-15.07346,30.80292,-15.07347,363.8140157480315,-178.03305118110237
7520,30.14755,-15.07346,30.80291,-15.07347,359.94366141732286,-178.03305118110237
7540,30.14754,-15.07347,30.14754,-14.41811,356.0733070866142,-174.16287401574803
7560,30.14754,-15.07348,30.14754,-14.41812,356.0733070866142,-174.16299212598426
7580,30.14754,-15.07347,30.14754,-15.07348,356.0733070866142,-178.0331692913386
7600,30.14754,-15.72883,30.14754,-15.07348,356.0733070866142,-181.90340551181103
7620,30.14754,-15.72884,29.49218,-15.07348,352.20307086614173,-181.90346456692916
7640,29.49218,-15.72884,31.45827,-15.07349,359.94360236220473,-181.90352362204726
7660,44.56563,-15.07348,56.36229,-14.41813,596.0310236220473,-174.1630511811024
7680,59.63916,-15.07349,59.63915,-14.41814,704.3994685039371,-174.1631692913386
7700,59.63915,-14.41813,58.98379,-15.07351,700.5291732283465,-174.1632283464567
7720,58.98379,-15.0735,59.63915,-15.07351,700.5291732283465,-178.03352362204726
7740,59.63915,-15.72886,58.98378,-15.07351,700.5291141732283,-181.9037598425197
7760,59.63914,-15.72886,59.63914,-15.07351,704.3992913385827,-181.9037598425197
7780,59.63914,-15.72887,59.63914,-15.72887,704.3992913385827,-185.77405511811025
7800,59.63913,-17.03959,59.63913,-16.38425,704.3991732283465,-197.3848818897638
7820,59.63913,-17.0396,68.1589,-15.72889,754.7127755905512,-193.51470472440946
7840,-41.94139,-15.72888,84.54317,-16.38425,251.58531496062997,-189.644468503937
7860,83.88781,-17.03961,83.23244,-15.72889,986.9306102362204,-193.51476377952758
7880,83.8878,-16.38424,83.23244,-15.72889,986.9305511811024,-189.644468503937
7900,83.8878,-16.38424,83.23244,-16.38425,986.9305511811024,-193.51470472440946
7920,83.88779,-17.03961,83.8878,-16.38425,990.8007283464567,-197.38500000000005
7940,83.8878,-17.03961,83.8878,-16.38426,990.8007874015748,-197.38505905511812
7960,83.8878,-17.03961,83.88779,-17.03962,990.8007283464567,-201.25529527559053
7980,83.8878,-17.69497,83.8878,-17.69498,990.8007874015748,-208.99576771653543
8000,74.05729,-20.97176,45.87645,-25.5593,708.2701181102362,-274.7897244094488
8020,13.10807,-31.45751,-7.86367,-34.73431,30.970866141732284,-390.89657480314963
8040,-9.82977,-34.7343,-7.20831,-32.76821,-100.61858267716536,-398.6368700787402
8060,-7.20831,-32.11284,-7.20833,-30.80212,-85.1376377952756,-371.54503937007877
8080,-6.55297,-30.80211,-6.55298,-30.14676,-77.39734251968504,-359.9342716535433
8100,-5.24227,-30.14675,-5.24229,-29.4914,-61.91669291338583,-352.19379921259844
8120,-4.58693,-29.49139,-4.58694,-28.18068,-54.17639763779528,-340.5830905511811
8140,-4.58694,-28.83603,-4.58694,-28.18068,-54.17645669291339,-336.7128543307087
8160,-5.24231,-28.18066,-5.24231,-27.52531,-61.91704724409449,-328.97226377952757
8180,-4.58695,-27.5253,-5.24231,-26.86995,-58.04681102362205,-321.2317913385827
8200,-5.24231,-28.18066,-5.24231,-27.52531,-61.91704724409449,-328.97226377952757
8220,-5.2423,-28.18066,-10.48524,-28.18068,-92.87917322834646,-332.8425590551181
8240,-13.1067,-30.14676,-12.45134,-30.14676,-150.93330708661418,-356.06409448818897
8260,-11.79598,-30.14675,-11.79598,-29.4914,-139.32259842519684,-352.19379921259844
8280,-12.45133,-30.14676,-13.10669,-30.14676,-150.93318897637795,-356.06409448818897
8300,-12.45133,-30.80212,-13.10669,-30.14676,-150.93318897637795,-359.93433070866143
8320,-13.10669,-30.80212,-13.10669,-30.14677,-154.8034251968504,-359.9343897637795
8340,-13.10669,-31.45749,-13.10669,-30.80213,-154.8034251968504,-367.6749212598425
8360,-13.10669,-30.80213,-13.10669,-30.80214,-154.8034251968504,-363.80474409448817
8380,-13.10669,-31.45749,-13.10669,-30.80214,-154.8034251968504,-367.67498031496064
8400,-13.10669,-31.4575,-12.45133,-30.80214,-150.93318897637795,-367.6750393700787
8420,-12.45133,-31.4575,-12.45133,-31.4575,-147.0629527559055,-371.54527559055117
8440,-12.45133,-31.4575,-12.45133,-31.4575,-147.0629527559055,-371.54527559055117
8460,-12.45249,-32.11286,-12.45133,-32.11287,-147.06980314960632,-379.28580708661417
8480,-12.45133,-32.11286,-12.45133,-31.45751,-147.0629527559055,-375.4155708661417
8500,-11.79596,-32.11286,-12.45132,-31.45751,-143.19259842519685,-375.4155708661417
8520,-9.1745,-32.11287,7.86506,-30.1468,-7.732913385826774,-367.6752165354331
8540,21.62783,-30.80216,24.90468,-30.80218,274.79828740157484,-363.80515748031496
8560,24.24932,-30.80217,23.59395,-30.14681,282.5389960629921,-359.9349212598425
8580,22.9386,-30.14681,23.59395,-29.49146,274.79852362204724,-352.19450787401576
8600,22.93859,-30.14681,23.59396,-29.49146,274.79852362204724,-352.19450787401576
8620,23.59395,-30.14681,22.9386,-29.49146,274.79852362204724,-352.19450787401576
8640,22.93859,-30.14681,22.93859,-29.49146,270.9282283464567,-352.19450787401576
8660,22.93859,-30.14682,22.93859,-29.49147,270.9282283464567,-352.19462598425196
8680,22.93859,-29.49146,22.93859,-29.49147,270.9282283464567,-348.32438976377955
8700,22.93859,-30.14682,22.93859,-30.14683,270.9282283464567,-356.0648622047244
8720,23.59395,-30.80218,24.24929,-30.14684,282.53881889763784,-359.93515748031496
8740,24.24929,-30.80219,24.90464,-30.14684,290.2791141732284,-359.9352165354331
8760,24.90464,-31.45756,25.55999,-31.45757,298.019468503937,-371.5460433070866
8780,25.56,-32.11293,25.55999,-31.45758,301.88970472440946,-375.4163976377953
8800,25.55999,-31.45756,25.55998,-31.45757,301.88958661417325,-371.5460433070866
8820,24.90463,-31.45756,24.90462,-30.80221,294.1491141732284,-367.6758070866142
8840,24.90462,-32.11293,24.90462,-31.45758,294.14905511811025,-375.4163976377953
8860,25.55998,-32.7683,34.73511,-30.80223,356.0733661417323,-375.41651574803154
8880,49.15324,-31.4576,55.70695,-30.80225,619.2530905511811,-367.6762795275591
8900,55.05159,-31.45761,55.05159,-30.14689,650.2156299212598,-363.80610236220474
8920,55.05159,-30.80224,55.05158,-30.14689,650.2155708661418,-359.93580708661415
8940,55.05159,-30.80224,55.05158,-29.49153,650.2155708661418,-356.06557086614174
8960,55.05158,-30.80224,55.05157,-30.1469,650.2154527559055,-359.9358661417323
8980,55.05157,-30.80225,55.05157,-30.1469,650.2153937007874,-359.9359251968504
9000,55.05157,-30.80225,55.05157,-30.80226,650.2153937007874,-363.8061614173228
9020,55.05157,-31.45762,55.05157,-30.80226,650.2153937007874,-367.6764566929134
9040,55.05156,-30.80225,55.05156,-30.80226,650.2152755905512,-363.8061614173228
9060,55.05156,-30.80225,55.05156,-30.80226,650.2152755905512,-363.8061614173228
9080,55.05156,-30.80225,55.05156,-30.80226,650.2152755905512,-363.8061614173228
9100,55.05156,-31.45762,55.70692,-30.80226,654.0855118110237,-367.6764566929134
9120,55.05157,-30.80226,55.05156,-30.80226,650.2153346456693,-363.80622047244094
9140,55.05156,-30.80226,55.05156,-30.80227,650.2152755905512,-363.80627952755907
9160,55.05156,-31.45762,55.70692,-30.80227,654.0855118110237,-367.6765157480315
9180,55.05156,-31.45762,55.05157,-30.80227,650.2153346456693,-367.6765157480315
9200,55.70692,-31.45762,59.63912,-30.80227,681.1774015748032,-367.6765157480315
9220,77.33406,-29.49154,91.75223,-28.18082,998.5410826771654,-340.5848031496063
9240,96.99522,-28.83618,96.33985,-28.18083,1141.7425393700787,-336.714625984252
9260,95.68448,-27.52546,96.33984,-26.8701,1134.0018897637794,-321.2336220472441
9280,95.68448,-27.52546,96.33984,-27.52546,1134.0018897637794,-325.10385826771653
9300,95.68448,-27.52545,95.68448,-26.8701,1130.131653543307,-321.233562992126
9320,95.68447,-27.52546,96.33983,-27.52546,1134.0017716535433,-325.10385826771653
9340,96.33983,-27.52546,96.33982,-26.8701,1137.8719488188976,-321.2336220472441
9360,96.33983,-27.52546,96.33982,-26.87011,1137.8719488188976,-321.2336811023622
9380,96.33983,-27.52546,95.68447,-27.52547,1134.0017716535433,-325.10391732283466
9400,96.33983,-27.52546,96.33982,-27.52547,1137.8719488188976,-325.10391732283466
9420,96.33982,-28.18082,96.99518,-28.18084,1141.742125984252,-332.84444881889766
9440,96.99516,-28.83619,97.65052,-28.18084,1149.4823622047245,-336.7147440944882
9460,97.65051,-28.83619,97.65051,-28.18084,1153.3524803149605,-336.7147440944882
9480,98.96123,-28.18084,111.41323,-26.87012,1242.3688582677166,-325.104094488189
9500,126.48675,-26.21474,130.419,-26.87012,1517.159940944882,-313.49326771653546
9520,129.10827,-26.87011,129.10825,-25.55939,1524.9007086614174,-309.623031496063
9540,128.45289,-26.21475,129.10825,-25.5594,1521.0303543307089,-305.75285433070866
9560,129.10825,-26.87011,129.10824,-26.21476,1524.9005314960632,-313.4933267716536
9580,129.10825,-26.21475,129.10824,-25.5594,1524.9005314960632,-305.75285433070866
9600,129.10823,-26.21475,129.10823,-25.5594,1524.9003543307085,-305.75285433070866
9620,129.10823,-25.55939,129.10823,-25.5594,1524.9003543307085,-301.8826181102362
9640,129.10823,-26.21475,128.45287,-26.21476,1521.0301181102363,-309.6230905511811
9660,128.45287,-27.52548,117.96696,-29.49155,1455.235216535433,-336.71474409448825
9680,86.50929,-37.35588,48.49796,-43.90946,797.286909448819,-479.9134251968505
9700,15.07424,-49.15231,-1.9653,-49.15231,77.415,-580.539094488189
9720,-0.65459,-47.1862,0.0007600000000067,-44.56476,-3.861200787401535,-541.8363779527559
9740,0.6561,-43.90939,0.0007300000000043,-42.59868,3.8789173228346714,-510.8744291338583
9760,0.65608,-41.28794,0.65607000000001,-39.97723,7.748917322834706,-479.9124212598425
9780,0.65607000000001,-39.32186,0.65606,-38.01114,7.748799212598485,-456.6909448818898
9800,0.65606,-37.35577,0.65605,-35.38969,7.748681102362205,-429.59917322834644
9820,0.0006800000000026,-34.73432,0.65604,-34.07896,3.8782677165354476,-406.37763779527563
9840,0.0006800000000026,-34.07895,0.0006800000000026,-32.76824,0.008031496063022834,-394.76687007874017
9860,0.0006800000000026,-32.76822,0.0006800000000026,-32.11287,0.008031496063022834,-383.15604330708663
9880,0.0006800000000026,-32.76822,-1.31005,-32.11287,-7.732499999999984,-383.15604330708663
9900,-5.24226,-30.80213,-4.5869,-30.80213,-58.04622047244094,-363.80468503937004
9920,-4.5869,-31.45748,-3.93153,-30.14677,-50.30568897637796,-363.80462598425197
9940,-4.58689,-30.80212,-3.93153,-30.80213,-50.30562992125985,-363.80462598425197
9960,-3.93152,-31.45749,-3.93152,-30.80213,-46.43527559055118,-367.6749212598425
9980,-4.58688,-31.45748,-4.58688,-30.80213,-54.17574803149606,-367.67486220472443
10000,-4.58687,-31.45749,-4.58687,-31.4575,-54.17562992125985,-371.5452165354331
10020,-4.58687,-32.11285,-4.58687,-32.11286,-54.17562992125985,-379.285688976378
10040,-4.58687,-32.76822,-4.58687,-32.76822,-54.17562992125985,-387.02622047244097
10060,-3.27615,-33.42358,-3.27615,-33.42359,-38.69468503937008,-394.76675196850397
10080,-3.93152,-34.07895,0.65603,-33.42361,-19.343444881889763,-398.63716535433065
10100,20.31705,-32.76825,36.04592,-32.76827,332.85218503937006,-387.02669291338583
10120,40.63354,-33.42363,39.97818,-32.76828,476.05346456692916,-390.8971062992126
10140,39.32281,-32.76827,39.32281,-32.11292,464.4426377952756,-383.15663385826775
10160,39.32281,-32.76827,39.3228,-32.76828,464.4425787401575,-387.0268700787402
10180,38.66744,-32.76828,38.66744,-32.11292,456.7020472440945,-383.1566929133859
10200,39.32279,-32.76828,39.32279,-32.11292,464.4424015748031,-383.1566929133859
10220,39.32279,-32.76828,39.32279,-32.11293,464.4424015748031,-383.1567519685039
10240,39.32279,-32.76828,39.32279,-32.11293,464.4424015748031,-383.1567519685039
10260,39.32278,-32.76829,39.32278,-32.11294,464.44228346456697,-383.15687007874016
10280,39.32278,-32.7683,39.32278,-32.76831,464.44228346456697,-387.0272244094488
10300,39.97814,-33.42366,39.32278,-32.76831,468.31251968503943,-390.8974606299213
10320,39.32278,-33.42366,39.97813,-33.42367,468.3124606299213,-394.7676968503937
10340,39.97813,-34.07903,39.97813,-33.42367,472.1826377952756,-398.6379921259843
10360,39.97813,-34.07903,40.6335,-33.42368,476.0529330708662,-398.6380511811024
10380,54.39621,-32.76831,70.78047,-32.76832,739.2323622047245,-387.0273425196851
10400,76.02348,-34.07905,74.71275,-32.76834,890.1745866141733,-394.7680511811024
10420,74.71274,-32.76832,74.71273,-32.11297,882.4338779527559,-383.1572244094489
10440,74.71273,-32.76832,74.71273,-32.11296,882.4338188976377,-383.15716535433074
10460,75.36809,-32.11296,74.71273,-32.11297,886.3040551181102,-379.2869881889764
10480,75.36808,-32.11296,74.71272,-31.45761,886.3039370078741,-375.41675196850395
10500,75.36808,-32.11296,74.71272,-31.4576,886.3039370078741,-375.4166929133858
10520,75.36808,-32.11296,75.36808,-31.45761,890.1741732283466,-375.41675196850395
10540,75.36808,-31.4576,75.36807,-31.45761,890.1741141732284,-371.54651574803154
10560,74.71272,-31.4576,75.36808,-30.80225,886.3039370078741,-367.6762795275591
10580,75.36808,-31.45761,75.36807,-32.11298,890.1741141732284,-375.4168700787402
10600,75.36808,-32.76834,75.36808,-32.76834,890.1741732283466,-387.0276377952756
10620,78.64491,-33.42371,95.68448,-32.76835,1029.5042716535434,-390.8979921259843
10640,107.48118,-32.76835,108.79195,-32.11299,1277.2035236220474,-383.15751968503935
10660,107.48121,-32.11298,108.13656,-31.45763,1273.3332874015748,-375.4169881889764
10680,108.13655,-31.45762,108.7919,-31.45763,1281.0735236220473,-371.54675196850394
10700,109.44725,-32.11298,110.1026,-32.113,1296.5542322834647,-379.287283464567
10720,110.75795,-32.76835,111.41331,-33.42373,1312.035,-390.89811023622053
10740,111.4133,-34.73444,111.4133,-34.73446,1315.9051181102363,-410.2494094488189
10760,112.06865,-36.70054,112.06865,-36.70055,1323.645472440945,-433.4710039370079
10780,112.06864,-38.66663,95.0291,-43.90951,1223.0181496062992,-487.65437007874016
10800,64.22678,-51.77383,30.80304,-57.01668,561.1997244094489,-642.4636417322835
10820,7.86519,-62.25956,5.89909,-61.60421,81.28511811023623,-731.4789566929135
10840,7.20982,-60.94883,7.86516,-59.63812,89.02547244094488,-712.127657480315
10860,7.86516,-59.63811,7.86514,-58.98276,92.89547244094489,-700.5169488188976
10880,7.86514,-58.32739,7.86513,-57.01668,92.89529527559056,-681.1657677165355
10900,8.52048,-57.01667,8.52048,-56.36131,100.6355905511811,-669.555
10920,8.52047,-57.01667,8.52046,-56.36132,100.63541338582677,-669.5550590551181
10940,7.8651,-57.01668,8.52046,-56.36133,96.76511811023622,-669.5551771653544
10960,8.52046,-56.36132,8.52045,-55.70597,100.63529527559055,-661.8147047244095
10980,8.52046,-57.01668,9.17582,-57.0167,104.50559055118111,-673.4254724409449
11000,2.62216,-58.32739,-10.48522,-58.32738,-46.4353937007874,-688.9061220472441
11020,-18.34962,-59.63807,-17.69427,-58.98272,-212.85761811023622,-700.5164763779528
11040,-16.38355,-58.98271,-16.38356,-58.32735,-193.50655511811024,-692.7759448818897
11060,-16.38355,-58.32735,-17.03891,-58.32735,-197.37673228346458,-688.9057086614174
11080,-16.38355,-58.32735,-17.03891,-57.672,-197.37673228346458,-685.0355314960631
11100,-16.38355,-58.32735,-16.38355,-57.01664,-193.5064960629921,-681.1652952755906
11120,-16.38355,-57.67199,-17.03892,-57.01664,-197.3767913385827,-677.2950590551181
11140,-17.69427,-57.01663,-17.03891,-57.01664,-205.11720472440948,-673.4248228346457
11160,-17.03891,-57.01663,-17.03891,-56.36128,-201.24696850393704,-669.5545866141732
11180,-17.03892,-57.01663,-17.69427,-56.36128,-205.11726377952758,-669.5545866141732
11200,-17.69427,-56.36128,-17.69427,-56.36128,-208.98744094488188,-665.6844094488189
11220,-18.34963,-56.36128,-18.34962,-55.70593,-216.7278543307087,-661.8142322834645
11240,-15.72817,-56.36129,-1.31005,-55.05058,-100.6194094488189,-657.9441141732283
11260,14.41882,-54.39522,19.6618,-54.39524,201.26350393700787,-642.4633464566929
11280,18.35107,-54.39524,18.35106,-53.08452,216.7448622047244,-634.7229921259843
11300,17.6957,-53.0845,18.35105,-53.08452,212.87450787401576,-626.9824015748031
11320,18.35105,-53.73987,17.69568,-53.08452,212.8743897637795,-630.8526968503937
11340,18.35105,-53.08451,18.35104,-53.08452,216.74462598425197,-626.9824606299213
11360,18.35104,-53.08452,18.35104,-52.42917,216.74456692913387,-623.1123425196851
11380,18.35104,-53.08452,18.35104,-52.42917,216.74456692913387,-623.1123425196851
11400,19.0064,-53.73989,19.0064,-53.08454,224.48503937007874,-630.8529330708662
11420,19.66175,-54.39526,20.3171,-54.39527,236.09557086614174,-642.4637598425197
11440,20.3171,-55.05062,20.97246,-54.39527,243.8359842519685,-646.3339960629921
11460,20.97246,-55.70599,20.97245,-55.05064,247.70616141732285,-654.0745866141732
11480,20.97245,-55.706,20.97245,-55.05064,247.70610236220472,-654.0746456692914
11500,20.97245,-55.706,20.97245,-55.706,247.70610236220472,-657.9448818897638
11520,20.97245,-55.706,20.97245,-55.05065,247.70610236220472,-654.0747047244095
11540,20.97245,-56.36136,20.97245,-56.36137,247.70610236220472,-665.6854133858268
11560,24.24927,-57.01673,36.70126,-55.05067,359.94407480314965,-661.8153543307087
11580,43.91035,-56.36139,44.56573,-56.36141,522.4965354330709,-665.6858267716536
11600,44.56572,-56.3614,44.56571,-55.05068,526.3667125984251,-657.9453543307087
11620,44.56571,-56.3614,44.56571,-55.70604,526.3666535433072,-661.8155905511811
11640,44.56571,-56.3614,44.5657,-55.70604,526.366594488189,-661.8155905511811
11660,44.5657,-57.01676,44.5657,-56.36141,526.3665354330709,-669.5561220472441
11680,44.5657,-57.01676,44.5657,-56.36141,526.3665354330709,-669.5561220472441
11700,44.56569,-57.67213,44.56569,-57.01678,526.3664173228346,-677.2967125984253
11720,44.56569,-57.67213,44.56569,-57.67214,526.3664173228346,-681.1669488188976
11740,44.56568,-57.67213,44.56569,-57.01678,526.3663582677166,-677.2967125984253
11760,44.56569,-57.67213,44.56569,-57.67214,526.3664173228346,-681.1669488188976
11780,44.56569,-58.32749,44.56569,-57.67214,526.3664173228346,-685.0371850393701
11800,44.56569,-58.32749,44.56569,-58.3275,526.3664173228346,-688.9074212598425
11820,44.56569,-58.32749,44.56569,-57.67214,526.3664173228346,-685.0371850393701
11840,44.56569,-58.32749,44.56569,-57.67214,526.3664173228346,-685.0371850393701
11860,44.56569,-58.32749,44.56569,-57.67214,526.3664173228346,-685.0371850393701
11880,44.56569,-58.32749,44.56569,-58.3275,526.3664173228346,-688.9074212598425
11900,46.53179,-57.67214,58.32843,-56.36142,619.2532677165354,-673.4265354330709
11920,65.53751,-57.01678,66.84826,-56.36142,781.8057283464566,-669.5562992125984
11940,66.19289,-56.36142,66.19288,-55.70606,781.8057283464568,-661.8158267716536
11960,66.19288,-55.70605,66.84824,-55.0507,785.675905511811,-654.0752952755905
11980,66.84824,-55.70605,66.19288,-55.70606,785.675905511811,-657.945531496063
12000,66.19288,-55.70605,66.19287,-55.70606,781.8056102362206,-657.945531496063
12020,66.19288,-57.01678,65.53751,-58.32752,777.935374015748,-681.167125984252
12040,65.53752,-61.60434,64.22679,-64.88118,766.3246653543307,-746.9617322834646
12060,63.57143,-72.09018,65.53743,-77.33314,762.4538976377953,-882.4211811023622
12080,70.78031,-84.54215,76.02335,-92.40651,866.950748031496,-1044.9724015748034
12100,82.57716,-100.9262,86.50944,-108.1351,998.5429133858269,-1234.6139763779527
12120,82.57744,-112.0671,79.95612,-114.68837,959.8438582677165,-1339.1071062992125
12140,77.99013,-118.62035,76.67945,-119.93091,913.403031496063,-1408.767283464567
12160,73.40265,-123.2076,73.40264,-124.5183,866.9603740157481,-1462.9482283464567
12180,74.05795,-125.82905,73.40259,-126.48441,870.8299606299213,-1490.040118110236
12200,72.09185,-128.45049,70.78108,-129.10592,843.7377755905512,-1521.0024212598428
12220,70.78103,-132.38284,68.81487,-129.10625,824.3852362204725,-1544.2269094488188
12240,64.22735,-128.45109,66.19342,-125.82979,770.2013976377954,-1501.6587401574802
12260,66.84864,-119.27627,65.53782,-113.37809,781.8098031496063,-1373.9430708661419
12280,63.57166,-110.10132,62.91621,-106.82453,746.9756102362205,-1281.0581692913386
12300,60.95004,-104.20308,59.63926,-102.89236,712.1415354330709,-1223.004566929134
12320,58.32848,-101.58163,57.67308,-99.61555,685.0485826771653,-1188.1723228346457
12340,57.0177,-98.96019,56.36231,-97.64947,669.5669881889764,-1161.0806692913386
12360,56.36229,-96.9941,55.70691,-95.68338,661.8259842519685,-1137.8591338582678
12380,55.7069,-95.68337,55.70688,-94.37266,657.9553937007875,-1122.3781299212599
12400,55.05151,-94.37264,55.70686,-93.71729,654.0848622047245,-1110.7673031496063
12420,55.05149,-93.71728,55.05149,-93.06192,650.2144488188977,-1103.0267716535434
12440,55.05148,-93.06191,55.05148,-92.40655,650.2143307086615,-1095.2861811023622
12460,57.01756,-91.75119,64.88197,-87.81902,719.8791141732283,-1060.453996062992
12480,67.50345,-87.16363,67.50343,-86.50828,797.2847244094488,-1025.6215157480315
12500,68.15878,-85.8529,68.15877,-84.54218,805.024901574803,-1006.270157480315
12520,67.50341,-84.54217,68.15877,-83.88682,801.1546062992127,-994.6593897637796
12540,68.15877,-84.54217,68.15877,-83.23144,805.0248425196851,-990.789035433071
12560,68.15877,-83.8868,68.15877,-83.23145,805.0248425196851,-986.9187992125984
12580,68.81413,-83.23145,68.81412,-81.92072,812.7652559055119,-975.3080905511812
12600,68.81412,-82.57608,68.15876,-81.92073,808.8949606299213,-971.4378543307088
12620,68.81412,-81.92071,68.15876,-81.26536,808.8949606299213,-963.6972637795276
12640,68.15876,-81.92072,68.15876,-80.61,805.0247244094488,-959.8270866141733
12660,68.15876,-81.26536,67.5034,-81.92073,801.1544881889764,-963.6973818897638
12680,66.84804,-83.23145,66.84804,-82.5761,789.5437795275591,-979.1784448818897
12700,66.84803,-82.57609,67.50338,-82.5761,793.4138385826772,-975.3082086614173
12720,67.50337,-83.23145,67.50336,-82.5761,797.2838385826772,-979.1784448818897
12740,68.15872,-82.5761,68.15871,-81.92074,805.0241929133858,-971.438031496063
12760,68.15871,-81.92073,68.81407,-81.26538,808.8943700787402,-963.6975
12780,68.81407,-81.92074,68.81408,-80.61002,812.7646653543308,-959.8273228346457
12800,68.81407,-80.61001,68.81407,-80.61001,812.7646062992127,-952.0867322834646
12820,69.46943,-80.61,69.46943,-79.29928,820.5050787401575,-944.3461417322835
12840,70.12479,-79.95464,70.12479,-79.29929,828.2455511811024,-940.4759645669292
12860,70.12479,-79.95464,70.12479,-79.95464,828.2455511811024,-944.3461417322835
12880,70.78014,-80.61,70.78013,-80.61,835.9858464566929,-952.0866141732283
12900,70.78014,-81.26536,70.78013,-80.61,835.9858464566929,-955.9568503937008
12920,70.78013,-80.60999,70.78012,-79.95463,835.9857283464567,-948.2162598425197
12940,70.78012,-80.60997,70.78013,-79.95462,835.9857283464567,-948.2160826771654
12960,70.78013,-79.95461,70.78013,-79.95461,835.9857874015748,-944.3457874015749
12980,71.4355,-80.60996,71.4355,-79.29925,843.726377952756,-944.3457283464568
13000,71.43551,-79.9546,71.43551,-79.29924,843.726496062992,-940.4754330708662
13020,70.78016,-79.29922,71.43552,-78.64387,839.8563779527559,-932.734783464567
13040,71.43552,-78.64386,71.43553,-78.64386,843.7266732283465,-928.8644881889765
13060,71.43553,-78.64385,71.43553,-78.64386,843.7267322834646,-928.8644291338583
13080,71.43554,-78.64384,71.43554,-77.98849,843.7268503937008,-924.9940748031496
13100,72.09091,-78.64384,71.43555,-77.98848,847.5972047244094,-924.9940157480315
13120,71.43554,-77.33311,71.43555,-76.67775,843.726909448819,-909.5129527559055
13140,72.09091,-76.67774,72.09091,-76.02238,851.4674409448818,-901.7723622047245
13160,72.09091,-76.02237,72.09092,-76.02238,851.4675,-897.9020669291339
13180,72.09092,-76.02237,72.74628,-75.36702,855.3377952755906,-894.0318307086613
13200,72.74628,-75.36701,73.40164,-74.71165,863.0782677165355,-886.2912992125986
13220,73.40164,-74.71164,73.40164,-74.05629,866.9485039370079,-878.5507677165355
13240,73.40165,-74.71164,73.40164,-74.05628,866.9485629921261,-878.5507086614174
13260,73.40164,-74.05628,72.74629,-72.74556,863.0783267716536,-866.94
13280,73.40164,-73.40091,73.40164,-72.74556,866.9485039370079,-863.0697047244095
13300,73.40164,-73.40092,73.40164,-72.74556,866.9485039370079,-863.0697637795275
13320,74.05701,-73.40092,74.05701,-72.74556,874.6890944881891,-863.0697637795275
13340,74.05701,-73.40091,74.05702,-72.0902,874.6891535433072,-859.1994685039369
13360,74.05702,-72.09018,74.71237,-71.43483,878.5593897637794,-847.5886417322836
13380,75.36772,-72.74554,70.12474,-68.15799,859.2074409448819,-832.1074606299212
13400,52.42977,-58.32747,28.18116,-53.73986,476.0487992125984,-661.8149409448819
13420,13.76307,-54.39519,11.79697,-51.77373,150.94511811023622,-626.9818110236221
13440,12.45233,-48.4969,12.45231,-45.22008,147.07464566929136,-553.4467322834646
13460,12.4523,-43.25398,12.45228,-41.2879,147.07429133858267,-499.2630708661418
13480,12.45227,-39.97716,12.45225,-38.01107,147.07393700787404,-460.5604133858268
13500,13.10761,-36.70033,13.1076,-35.38961,154.81423228346458,-425.72799212598426
13520,13.10759,-34.73423,13.76295,-32.76815,158.68429133858268,-398.63610236220467
13540,13.76294,-32.11277,13.76293,-30.80205,162.5543503937008,-371.5442125984252
13560,13.76293,-30.14668,13.76293,-28.83596,162.5542913385827,-348.3226771653544
13580,14.41828,-28.18058,14.41828,-26.86986,170.29464566929133,-325.10102362204725
13600,14.41828,-26.21449,14.41827,-25.55914,170.29458661417323,-305.7497834645669
13620,14.41827,-25.55913,14.41827,-26.21449,170.29452755905513,-305.74972440944885
13640,16.38436,-22.28233,17.03978,-8.51965,197.3866535433071,-181.9014566929134
13660,15.07374,2.6216,13.76303,5.89843,170.29588582677167,50.3151377952756
13680,13.10766,7.86454,12.4523,9.83063,150.94464566929133,104.49903543307086
13700,12.4523,9.83064,12.45231,10.48599,147.07446850393703,119.98009842519686
13720,13.10767,9.83063,13.10767,11.14134,154.815,123.85021653543306
13740,12.45232,10.486,13.10768,11.14134,150.94488188976376,127.72051181102363
13760,13.10768,10.48599,12.45233,10.48598,150.9449409448819,123.85021653543306
13780,13.10769,10.48598,13.1077,10.48598,154.81529527559056,123.85015748031496
13800,13.1077,9.83062,12.45235,10.48597,150.94517716535432,119.97986220472443
13820,13.10771,9.83062,12.45236,10.48597,150.94529527559058,119.97986220472443
13840,13.10772,9.83062,12.45237,10.48596,150.94541338582678,119.9798031496063
13860,12.45237,9.83061,12.45238,10.48596,147.07529527559055,119.97974409448818
13880,12.45239,9.83061,12.45239,9.8306,147.07547244094488,116.10950787401575
13900,20.31681,9.17524,52.42975,8.51987,429.6056692913386,104.49868110236221
13920,76.02305,6.55379,83.88755,7.20913,944.3539370078739,81.27708661417324
13940,81.92148,8.51987,81.26611,11.14131,963.7062401574804,116.10933070866143
13960,79.95539,11.14133,79.30003,12.45204,940.4847637795277,139.3309251968504
13980,79.30004,11.79669,78.64468,12.45205,932.7444094488188,143.20122047244095
14000,78.64469,11.79669,77.98933,13.10741,925.0040551181103,147.0714566929134
14020,77.33397,12.45205,77.33398,13.10741,913.393405511811,150.94169291338585
14040,76.67862,12.45205,76.67863,12.45204,905.6530511811023,147.0713976377953
14060,76.02327,11.79668,76.02327,12.45203,897.9126377952756,143.20104330708662
14080,76.02327,11.79666,76.02327,11.79665,897.9126377952756,139.33057086614173
14100,76.02327,11.14129,75.36791,11.14128,894.0424015748031,131.58998031496063
14120,75.36792,11.14128,74.71256,11.79663,886.3020472440945,135.46009842519683
14140,74.71257,11.14128,74.71257,11.79663,882.4319291338583,135.46009842519683
14160,74.71257,11.14127,74.71258,11.14126,882.4319881889764,131.5897440944882
14180,74.05721,11.14127,74.05721,11.14126,874.6914566929133,131.5897440944882
14200,73.40186,9.83054,73.40186,10.4859,866.9511023622048,119.97897637795276
14220,73.40186,11.14126,72.7465,11.79662,863.0808661417323,135.45992125984253
14240,68.8143,11.14127,55.70695,12.45198,735.3617125984252,139.3302165354331
14260,51.11938,12.452,51.1194,13.10737,603.7723228346457,150.94116141732286
14280,51.77476,13.10739,50.46403,14.4181,603.7723818897638,162.55210629921262
14300,49.80867,14.41811,49.1533,15.72883,584.4210826771654,178.0331102362205
14320,48.49794,15.07348,47.18721,15.72883,565.0697834645669,181.90340551181103
14340,46.53185,15.07348,46.53184,13.76273,549.588720472441,170.2925787401575
14360,45.87648,9.17519,46.53182,1.96614,545.7183070866141,65.79525590551181
14380,47.18716,-10.4858,50.46395,-25.55922,576.679783464567,-212.8642913385827
14400,56.36213,-38.01119,62.91569,-50.46316,704.3965748031496,-522.4863188976378
14420,72.09097,-60.29359,93.06284,-70.77934,975.3177755905512,-774.0527362204725
14440,100.27225,-79.95416,110.1029,-81.91997,1242.372933070866,-955.9495866141733
14460,115.34597,-82.57504,117.96753,-81.91949,1377.8356299212599,-971.4243897637796
14480,118.62305,-82.57458,113.38017,-85.19592,1370.0977559055118,-990.7706692913385
14500,111.41408,-87.16195,107.4819,-89.128,1292.6927952755907,-1041.0823818897638
14520,102.89431,-93.06016,98.30662,-96.99245,1188.194468503937,-1122.357933070866
14540,92.40817,-104.85701,87.82052,-111.41093,1064.342657480315,-1277.1728740157482
14560,80.61147,-114.68805,72.74714,-114.03301,905.6610826771654,-1350.7149212598424
14580,72.09173,-112.72246,72.74693,-104.85828,855.3464173228347,-1284.9256299212598
14600,71.43607,-98.9601,69.46985,-93.71724,832.1215748031495,-1137.858307086614
14620,67.50366,-90.44042,66.19284,-87.81897,789.5462598425198,-1052.7129330708663
14640,64.88206,-85.19751,64.22666,-81.9207,762.4530708661417,-986.9185629921259
14660,63.57126,-79.95459,63.57123,-77.9885,750.8414763779529,-932.7347834645668
14680,63.5712,-76.02241,62.91582,-74.05632,746.9705905511811,-886.2917125984253
14700,62.91581,-73.40094,62.9158,-71.43485,743.1000590551181,-855.329468503937
14720,62.26044,-70.77948,62.26044,-69.46876,735.3595275590552,-828.2376377952756
14740,62.26044,-68.81338,62.26044,-67.50265,735.3595275590552,-805.0159251968505
14760,62.26043,-67.50264,62.2604,-66.84728,735.3592322834646,-793.4050393700787
14780,62.26039,-66.84728,62.91573,-65.53657,739.2290551181103,-781.7943897637796
14800,62.9157,-65.53656,62.91567,-63.57048,743.0986417322836,-762.4431496062991
14820,62.91565,-62.91512,62.26027,-62.25977,739.2278740157481,-739.2217913385828
14840,62.26025,-62.25977,61.60487,-60.94905,731.4869291338583,-727.6111417322835
14860,61.60486,-60.94904,61.60485,-60.29369,727.6163976377953,-716.000374015748
14880,61.60484,-60.29369,61.60482,-58.98297,727.6161023622047,-704.3897244094488
14900,61.60481,-57.67224,61.60481,-56.36153,727.6158661417323,-673.4277755905513
14920,61.6048,-55.70616,60.94943,-53.74008,723.7454527559056,-646.336062992126
14940,60.94943,-53.08472,60.29407,-51.11865,716.0049212598425,-615.3742322834646
14960,60.29407,-50.46328,59.63871,-49.15257,708.2644488188977,-588.2825787401574
14980,58.98335,-49.15257,58.98336,-48.49722,696.6537992125985,-576.6719881889763
15000,58.32801,-50.46331,58.32801,-52.42941,688.9135039370079,-607.6341732283464
15020,57.67266,-54.3955,58.32802,-57.01698,685.0433858267717,-657.9477165354331
15040,57.67266,-60.2938,57.67267,-63.57064,681.1732086614173,-731.4829133858268
15060,57.01731,-70.77965,57.01731,-79.29942,673.4327952755906,-886.293720472441
15080,57.6727,-87.81916,63.57095,-93.71747,716.0058070866143,-1072.0667125984253
15100,74.05688,-100.27108,91.75195,-108.79074,979.1860039370079,-1234.6170472440947
15120,106.17037,-107.47983,119.27789,-102.89209,1331.3873622047245,-1242.3538582677165
15140,128.4532,-98.30429,133.69623,-92.40579,1548.1265551181107,-1126.2406299212598
15160,140.24996,-87.81815,146.14829,-83.88598,1691.3282480314958,-1014.0007677165356
15180,148.76979,-83.23064,151.3912,-83.88614,1772.6042716535433,-986.9101181102362
15200,157.28941,-83.23102,159.25551,-78.6437,1869.3597637795276,-955.9530708661417
15220,159.91073,-70.77949,161.22126,-57.67232,1896.4487598425196,-758.5736811023622
15240,161.87646,-51.77405,163.1871,-45.87579,1919.6666929133858,-576.672283464567
15260,165.15313,-41.28821,166.4638,-36.0453,1958.367696850394,-456.69395669291345
15280,166.46378,-30.14701,167.7745,-24.24874,1973.8481102362207,-321.23474409448824
15300,168.42986,-19.66117,167.7745,-14.41826,1985.4588188976375,-201.25647637795277
15320,167.11916,-9.8307,165.80845,-4.58778,1966.107933070866,-85.14850393700787
15340,163.84238,-1.31094,163.84239,3.27661,1935.1462795275588,11.608287401574804
15360,161.87631,7.86417,161.22095,12.45172,1908.0546850393703,119.97572834645669
15380,159.91024,15.72856,158.59953,19.66074,1880.9632086614174,208.99192913385826
15400,157.28881,22.28221,156.63346,25.55903,1853.8716732283467,282.52700787401574
15420,161.22107,30.80196,173.01781,39.32177,1973.851653543307,414.1165157480315
15440,182.84855,48.49696,187.43629,56.36139,2186.721496062992,619.2422244094488
15460,185.47027,61.60432,182.84884,62.2597,2175.112854330709,731.4804330708662
15480,180.88278,61.60437,180.22743,62.25973,2132.5406102362203,731.480905511811
15500,179.57208,61.60438,178.91674,62.25973,2117.0599606299215,731.4809645669292
15520,178.91674,61.60437,178.91675,62.25972,2113.189901574803,731.4808464566929
15540,178.91677,61.60436,178.91678,62.25971,2113.190255905512,731.4807283464567
15560,178.91679,61.60436,179.57215,62.25971,2117.0606692913384,731.4807283464567
15580,179.57216,61.60435,179.57217,62.25971,2120.9310826771653,731.4806692913386
15600,180.8829,61.60436,180.88291,62.25971,2136.4122637795276,731.4807283464567
15620,180.88291,61.60436,182.19363,62.2597,2144.152795275591,731.4806692913386
15640,182.84899,61.60435,183.50435,62.25969,2163.5039763779528,731.4805511811024
15660,183.50435,61.60433,184.81506,62.25966,2175.114625984252,731.4802559055119
15680,185.47041,61.60426,175.63971,45.8754,2132.5400787401577,634.7224015748031
15700,152.70159,-9.1753,122.55476,-70.77958,1625.529625984252,-472.1744881889764
15720,86.51006,-119.9319,68.81559,-153.35539,917.2774606299213,-1613.9013188976378
15740,72.09247,-167.77334,77.33532,-165.15191,882.4475787401576,-1966.0939960629921
15760,79.9567,-163.84122,82.57808,-161.21981,959.8510629921261,-1919.6517519685037
15780,84.54412,-159.90909,86.51017,-158.59839,1010.16312992126,-1880.94968503937
15800,87.82086,-157.94303,89.7869,-156.63233,1048.8647244094489,-1857.7285039370079
15820,91.09759,-155.97697,92.40829,-155.32162,1083.6961417322834,-1838.3775
15840,93.06364,-155.97698,93.71898,-154.66628,1103.046968503937,-1834.5074409448819
15860,95.02968,-154.66627,95.68503,-154.01092,1126.267972440945,-1822.8967913385827
15880,96.34038,-155.32164,96.99573,-154.01093,1141.748681102362,-1826.7671456692915
15900,96.99572,-154.66629,97.65107,-154.66629,1149.4889173228348,-1826.7672047244096
15920,98.30643,-154.66629,98.30643,-154.01094,1161.099566929134,-1822.8970275590552
15940,98.96178,-153.35557,99.61714,-154.66631,1172.710157480315,-1819.026850393701
15960,100.27249,-155.32166,100.27248,-154.66631,1184.320688976378,-1830.6376181102364
15980,91.09729,-149.42336,76.67913,-140.24824,990.8056299212599,-1710.6590551181102
16000,67.50394,-136.31602,68.15926,-135.66067,801.16062992126,-1606.1615551181103
16020,69.46994,-135.66067,69.46992,-135.66068,820.5109842519686,-1602.2914370078743
16040,70.12528,-136.31604,70.12528,-136.31606,828.2513385826772,-1610.032086614173
16060,70.78064,-136.97141,70.78064,-136.97142,835.9918110236222,-1617.772618110236
16080,70.78064,-137.62678,70.78063,-136.97142,835.991751968504,-1621.642913385827
16100,70.78064,-137.62678,71.436,-137.62678,839.8620472440946,-1625.5131496062993
16120,71.436,-137.62678,71.436,-137.62679,843.732283464567,-1625.5132086614171
16140,72.09136,-137.62678,71.436,-137.62678,847.6025196850393,-1625.5131496062993
16160,71.436,-137.62678,72.09137,-137.62679,847.6025787401576,-1625.5132086614171
16180,71.436,-137.62678,72.09136,-136.97143,847.6025196850393,-1621.642972440945
16200,72.09136,-137.62678,72.09136,-137.62679,851.4727559055118,-1625.5132086614171
16220,72.09136,-137.62678,72.74672,-136.97143,855.3429921259842,-1621.642972440945
16240,72.09136,-137.62678,72.09136,-136.97142,851.4727559055118,-1621.642913385827
16260,72.74672,-136.97142,72.74671,-136.31606,859.2131692913385,-1613.9024409448816
16280,73.40208,-136.31605,72.74671,-135.6607,863.083405511811,-1606.1619094488187
16300,72.74671,-135.00532,73.40208,-135.00533,863.083405511811,-1594.5510826771654
16320,73.40209,-136.31605,72.74672,-134.34997,863.0835236220472,-1598.421377952756
16340,66.84836,-121.24266,60.29457,-98.96024,750.8440748031496,-1300.4108267716535
16360,56.36223,-74.71173,52.42994,-49.1525,642.4734448818898,-731.4816732283465
16380,47.187,-28.83615,45.22091,-19.00566,545.7160039370079,-282.53037401574807
16400,44.56552,-13.76273,43.91014,-8.51982,522.4940551181103,-131.58986220472443
16420,43.25478,-5.89835,43.25477,-2.62154,510.8831692913386,-50.31431102362205
16440,43.25477,-0.65543,43.25477,1.96602,510.8831102362205,7.7397047244094495
16460,42.5994,3.93213,41.94405,6.55358,499.2723425196851,61.92348425196851
16480,41.94404,8.51969,40.63332,11.79651,487.6615748031496,119.9775590551181
16500,39.97796,12.4519,39.97796,14.418,472.1806299212599,158.68051181102362
16520,39.32259,15.72876,38.01187,19.00558,456.69956692913394,205.12405511811022
16540,38.01185,19.66097,37.35649,21.62706,445.08862204724414,243.82694881889765
16560,37.35648,22.28244,37.35648,23.59316,441.2182677165354,270.91889763779534
16580,36.70112,24.24853,36.04575,25.55925,429.6075,294.14043307086615
16600,35.3904,26.21462,35.39041,26.86997,417.99690944881894,313.4916732283465
16620,34.73504,27.52533,34.07968,28.83605,406.3861417322834,332.84279527559056
16640,33.42433,28.83605,33.42433,28.83604,394.77555118110234,340.5832086614173
16660,34.07969,28.83604,34.0797,28.83603,402.5160826771654,340.58309055118116
16680,34.07971,28.83603,34.07971,28.18066,402.5162598425197,336.71273622047244
16700,34.73508,28.18066,34.73508,28.83601,410.25685039370086,336.71261811023624
16720,34.73508,28.18066,34.73508,28.836,410.25685039370086,336.7125590551181
16740,35.39044,28.18065,35.39044,28.18064,417.9973228346457,332.84226377952757
16760,35.39044,27.52528,35.39044,27.52527,417.9973228346457,325.1016732283465
16780,35.39044,26.86991,35.39044,26.21454,417.9973228346457,313.4908464566929
16800,35.39043,25.55918,35.39043,25.55917,417.99720472440947,301.88001968503943
16820,35.39043,24.90381,35.39042,24.9038,417.99714566929134,294.13942913385824
16840,35.39042,24.24844,35.39042,23.59306,417.9970866141732,282.52854330708664
16860,36.04577,22.28234,36.70113,21.62696,429.60767716535435,259.30688976377957
16880,36.70113,20.31624,37.35649,19.00549,437.3481496062992,232.2149409448819
16900,38.66721,15.07331,39.97793,11.1411,464.4398031496063,154.80950787401576
16920,29.49207,5.89819,10.48642,6.55355,236.09344488188978,73.53389763779528
16940,-0.6549,11.7965,-11.79614,18.35016,-73.52976377952757,178.0314566929134
16960,-15.07298,21.62699,-15.07298,24.90382,-178.02732283464567,274.7882480314961
16980,-15.07298,26.21456,-14.41763,27.52528,-174.15714566929134,317.3612598425197
17000,-15.07299,28.18065,-15.07299,30.14674,-178.0274409448819,344.4530905511811
17020,-15.07299,30.80211,-15.72835,32.11283,-181.89767716535437,371.5449212598425
17040,-15.72835,32.76821,-15.72836,33.42356,-185.7679724409449,390.8962795275591
17060,-16.38371,34.07894,-15.72836,35.38966,-189.63820866141734,410.24763779527564
17080,-16.38371,34.7343,-15.72836,35.38965,-189.63820866141734,414.11781496062997
17100,-16.38371,35.38966,-15.72836,36.04502,-189.63820866141734,421.8583464566929
17120,-15.72835,35.38966,-15.07299,33.42356,-181.89767716535437,406.377283464567
17140,-13.76227,27.52527,-10.48547,17.03941,-143.19531496062993,263.17724409448823
17160,-1.31044,2.62133,12.45212,-19.66109,65.79732283464568,-100.62850393700788
17180,26.21483,-43.2542,47.84212,-61.6044,437.3441929133858,-619.2437007874016
17200,55.70677,-83.23124,57.67324,-99.61503,669.5669881889764,-1079.8008070866142
17220,54.39668,-115.34349,47.84324,-123.20764,603.7790551181104,-1408.7665157480315
17240,44.56654,-129.1058,44.56662,-138.28092,526.3769291338583,-1579.055433070866
17260,47.18817,-150.73293,51.1205,-159.25284,580.5630118110237,-1830.6246259842521
17280,55.05288,-165.15127,60.29592,-168.42827,681.1937007874017,-1969.957913385827
17300,62.91741,-174.32667,66.19415,-176.29288,762.469842519685,-2070.5878937007874
17320,70.78158,-176.29294,75.36904,-173.67156,863.0942125984252,-2066.7194881889764
17340,78.64578,-171.05015,81.92253,-169.0841,948.2380511811024,-2008.6668307086616
17360,84.54391,-167.77338,85.85458,-164.49661,1006.2902952755904,-1962.224350393701
17380,87.82063,-163.18589,88.47595,-161.21981,1041.121535433071,-1915.781692913386
17400,89.78664,-159.90908,89.78662,-157.94301,1060.4720078740158,-1877.0792716535432
17420,90.44197,-158.59837,90.44195,-157.94301,1068.212125984252,-1869.3388582677167
17440,90.44194,-157.943,91.09729,-157.28766,1072.0820669291338,-1861.5983858267716
17460,91.75263,-157.28765,91.75262,-155.97694,1083.6924212598424,-1849.9877362204725
17480,91.75261,-155.97693,91.09725,-155.97694,1079.8220078740158,-1842.2472637795279
17500,91.7526,-155.97693,91.09724,-155.32157,1079.8218897637796,-1838.376968503937
17520,91.09724,-155.97693,91.09723,-155.32158,1075.951594488189,-1838.3770275590553
17540,90.44187,-155.32157,90.44186,-154.01086,1068.211003937008,-1826.766318897638
17560,90.44186,-153.35549,90.44185,-152.04477,1068.2108858267718,-1803.544842519685
17580,91.09721,-152.04477,91.0972,-150.73405,1075.9512401574805,-1788.0638976377952
17600,91.75257,-150.73404,91.75257,-150.07868,1083.6917716535434,-1776.4530708661418
17620,91.75257,-150.07866,92.40794,-150.07868,1087.5620669291338,-1772.582716535433
17640,93.0633,-150.73402,93.0633,-149.4233,1099.1728346456694,-1772.5825984251971
17660,93.0633,-149.42329,93.71865,-148.76794,1103.0430118110237,-1760.9718307086616
17680,94.37401,-150.07864,94.37401,-150.07864,1114.6536614173228,-1772.5823622047246
17700,94.37401,-151.38935,95.02938,-151.38936,1118.5239566929133,-1788.0632480314964
17720,95.02939,-152.70006,95.0294,-152.70006,1122.3944291338582,-1803.5440157480316
17740,94.37404,-152.70006,95.02941,-151.38934,1118.524311023622,-1795.8035433070868
17760,95.0294,-151.38933,95.02939,-150.07862,1122.3944291338582,-1780.3225393700786
17780,95.68475,-149.42325,96.3401,-148.11254,1134.0050196850393,-1757.1011220472442
17800,96.99545,-148.76789,96.34009,-148.76789,1141.74531496063,-1757.101062992126
17820,96.99546,-148.11252,96.99545,-148.76789,1145.6156102362206,-1753.2307677165354
17840,96.99546,-150.0786,96.99545,-150.07861,1145.6156102362206,-1772.5819488188974
17860,96.99545,-149.42324,96.99545,-148.76788,1145.6155511811025,-1760.971181102362
17880,96.99546,-148.11251,97.65082,-146.8018,1149.485905511811,-1741.619940944882
17900,101.58303,-140.24816,104.85986,-131.72843,1219.1509251968505,-1606.1609645669291
17920,104.85985,-129.76233,104.85983,-129.10698,1238.5020472440947,-1528.7557677165353
17940,105.51519,-129.10698,105.51519,-128.45163,1246.2424015748031,-1521.0154133858268
17960,105.5152,-128.45163,105.51521,-128.45163,1246.2425787401573,-1517.1452362204725
17980,104.85985,-127.79627,105.51521,-127.79627,1242.3724015748032,-1509.4047637795277
18000,105.51522,-127.79628,105.51522,-127.14092,1246.2427559055118,-1505.5346456692914
18020,105.51523,-127.79628,105.51522,-127.14093,1246.2428149606299,-1505.5347047244095
18040,105.51523,-127.79628,104.85987,-127.14093,1242.3726377952758,-1505.5347047244095
18060,104.85987,-127.79629,104.85987,-127.79629,1238.5024015748031,-1509.405
18080,104.20451,-128.45165,104.20452,-127.7963,1230.7619881889764,-1513.2752952755907
18100,104.20452,-128.45165,104.20452,-128.45166,1230.7620472440944,-1517.1455314960633
18120,103.54916,-128.45165,103.54916,-128.45165,1223.0215748031496,-1517.145472440945
18140,103.54917,-128.45165,103.54917,-127.7963,1223.021692913386,-1513.2752952755907
18160,104.20453,-128.45165,103.54918,-128.45166,1226.8919881889765,-1517.1455314960633
18180,-41.94075,-129.10701,104.20669,-128.45166,367.7122440944882,-1521.0157677165355
18200,103.54918,-129.10701,104.20454,-129.10702,1226.8920472440946,-1524.886003937008
18220,103.54919,-129.10701,104.20454,-128.45165,1226.8921062992126,-1521.0157086614176
18240,104.20455,-129.76237,104.20455,-129.10702,1230.762401574803,-1528.7562401574803
18260,104.20455,-129.10701,104.20455,-128.45165,1230.762401574803,-1521.0157086614176
18280,104.20455,-129.107,104.20455,-128.45165,1230.762401574803,-1521.0156496062993
18300,104.20455,-129.10701,104.85991,-127.7963,1234.6326377952755,-1517.1455314960633
18320,104.85991,-128.45165,104.85991,-127.79629,1238.5028740157481,-1513.2752362204726
18340,104.8599,-127.79629,104.85991,-127.79629,1238.5028149606298,-1509.405
18360,104.85991,-128.45165,104.85991,-127.7963,1238.5028740157481,-1513.2752952755907
18380,104.85991,-128.45165,104.85991,-128.45167,1238.5028740157481,-1517.1455905511812
18400,104.8599,-129.76238,105.51526,-129.7624,1242.3729921259842,-1532.6266535433072
18420,104.8599,-130.41775,105.51525,-130.41776,1242.372933070866,-1540.36718503937
18440,105.51525,-130.41775,104.85988,-129.7624,1242.37281496063,-1536.4969488188979
18460,104.20452,-129.76239,104.85987,-130.41776,1234.6322244094488,-1536.4969488188979
18480,104.85987,-129.7624,104.85987,-129.7624,1238.5024015748031,-1532.6267716535435
18500,105.51524,-130.41776,105.51525,-130.41777,1246.2430511811024,-1540.3673031496057
18520,106.17062,-130.41776,106.82599,-129.7624,1257.853996062992,-1536.4970078740157
18540,107.48135,-129.7624,108.79208,-129.10705,1277.2052952755905,-1528.756594488189
18560,109.44746,-129.7624,110.10283,-129.10705,1296.5568307086614,-1528.756594488189
18580,110.7582,-129.7624,111.41357,-129.10704,1312.0380118110238,-1528.7565354330711
18600,112.06893,-129.7624,112.06893,-128.45168,1323.648779527559,-1524.8862992125987
18620,112.06893,-129.76239,112.06893,-129.10703,1323.648779527559,-1528.7564173228345
18640,112.72429,-129.76238,112.72428,-129.76239,1331.3891929133858,-1532.6265944881889
18660,112.06892,-130.41774,112.72428,-130.41775,1327.5188976377954,-1540.3670669291341
18680,112.06892,-131.0731,112.72428,-130.41774,1327.5188976377954,-1544.2372440944885
18700,112.72428,-131.72846,112.72428,-131.72846,1331.3891338582678,-1555.8479527559057
18720,113.37964,-131.72846,112.72428,-131.0731,1335.2593700787402,-1551.977716535433
18740,109.44745,-131.72844,94.37398,-130.41767,1203.6698622047245,-1548.1069488188978
18760,75.36829,-129.10689,65.53777,-128.45154,832.1224015748031,-1521.0143503937009
18780,66.19312,-128.45154,67.50383,-127.14083,789.5489173228345,-1509.4037598425195
18800,68.15919,-127.14083,68.15919,-127.14085,805.0298031496063,-1501.6634645669292
18820,68.15918,-127.14084,68.15918,-126.48549,805.0296850393702,-1497.7932874015748
18840,68.15918,-126.48549,68.81454,-125.83014,808.8999212598426,-1490.0529330708662
18860,68.81453,-126.48549,68.81454,-125.83014,812.7700984251969,-1490.0529330708662
18880,68.81453,-125.83014,68.81453,-125.17479,812.7700393700788,-1482.3125787401575
18900,69.46989,-125.83014,69.46989,-124.51943,820.5105118110238,-1478.442342519685
18920,70.12526,-124.51943,70.12526,-123.86407,828.2511023622047,-1466.831692913386
18940,70.12526,-124.51943,70.12526,-122.55336,828.2511023622047,-1459.091279527559
18960,70.78062,-123.86407,70.12527,-123.20871,832.1213976377953,-1459.091220472441
18980,70.78062,-122.55334,71.43598,-121.89799,839.8618110236221,-1443.6102165354332
19000,71.43598,-121.89799,71.43599,-121.24263,843.7321062992127,-1435.8698031496065
19020,71.43599,-121.89798,71.43599,-121.24263,843.7321653543307,-1435.8697440944884
19040,72.09135,-121.89798,72.74671,-121.24264,855.342874015748,-1435.8698031496065
19060,73.40207,-121.898,73.40206,-121.24264,866.9535236220472,-1435.8699212598426
19080,73.40207,-121.898,74.05743,-121.24264,870.8238188976378,-1435.8699212598426
19100,74.05742,-121.24263,74.05743,-120.58728,874.6939960629921,-1428.1293897637797
19120,74.71279,-121.24263,74.71279,-120.58728,882.4345275590551,-1428.1293897637797
19140,74.05743,-120.58727,74.05743,-120.58728,874.6940551181102,-1424.259153543307
19160,74.05744,-120.58727,74.05744,-119.93191,874.6941732283465,-1420.3888582677166
19180,74.7128,-120.58727,74.05744,-119.27655,878.5644094488189,-1416.5186220472442
19200,74.7128,-119.27655,75.36816,-118.6212,886.3048818897638,-1404.9079724409448
19220,75.36816,-119.27655,75.36816,-117.96583,890.1751181102363,-1401.0376771653544
19240,75.36816,-117.96582,75.36816,-117.31046,890.1751181102363,-1389.426850393701
19260,75.36816,-117.96582,75.36816,-117.31046,890.1751181102363,-1389.426850393701
19280,76.02352,-116.6551,76.02352,-117.31046,897.9155905511811,-1381.686377952756
19300,76.02352,-117.96582,76.02352,-116.6551,897.9155905511811,-1385.5566141732284
19320,76.02352,-117.31046,76.02352,-116.6551,897.9155905511811,-1381.686377952756
19340,76.02352,-117.31046,76.02352,-115.99974,897.9155905511811,-1377.8161417322835
19360,76.02352,-115.34437,76.02352,-115.99974,897.9155905511811,-1366.205374015748
19380,76.02352,-115.99973,76.67888,-115.34437,901.7858267716537,-1366.20531496063
19400,76.02352,-115.99972,76.02352,-115.34437,897.9155905511811,-1366.2052559055119
19420,76.02352,-115.99972,76.02352,-115.34437,897.9155905511811,-1366.2052559055119
19440,76.02352,-115.99972,76.02353,-114.68901,897.9156496062993,-1362.3350196850395
19460,76.02353,-115.99972,76.02352,-114.689,897.9156496062993,-1362.3349606299212
19480,75.36816,-115.34435,75.36816,-114.68899,890.1751181102363,-1358.4646062992126
19500,74.71281,-115.34434,74.7128,-114.68899,882.4347047244095,-1358.4645472440945
19520,74.7128,-115.34434,74.71281,-115.34435,882.4347047244095,-1362.334783464567
19540,74.71281,-115.34434,74.05745,-115.34434,878.5645275590551,-1362.3347244094489
19560,74.05745,-115.9997,78.64501,-113.37826,901.7861811023622,-1354.594251968504
19580,93.06309,-108.79071,101.5829,-104.20316,1149.4841929133859,-1257.8378149606299
19600,102.23827,-102.89242,102.23825,-102.23707,1207.5385039370078,-1211.3946259842521
19620,102.23824,-102.89242,102.8936,-102.23707,1211.408503937008,-1211.3946259842521
19640,102.8936,-102.89242,102.8936,-102.89243,1215.2787401574803,-1215.2648622047245
19660,102.89359,-102.89242,103.54895,-102.23707,1219.1488582677166,-1211.3946259842521
19680,103.54895,-102.89242,104.2043,-102.23707,1226.8892716535433,-1211.3946259842521
19700,104.2043,-103.54778,104.85966,-102.89243,1234.62968503937,-1219.135098425197
19720,105.51501,-103.54779,105.51501,-102.89243,1246.2402755905512,-1219.135157480315
19740,106.17036,-103.54778,106.82572,-102.89243,1257.8508661417325,-1219.135098425197
19760,106.82571,-102.89242,106.82571,-102.23706,1261.7209842519685,-1211.3945669291338
19780,106.8257,-102.23706,106.8257,-102.23706,1261.7208661417324,-1207.5243307086614
19800,106.8257,-102.23705,106.8257,-102.23705,1261.7208661417324,-1207.5242125984253
19820,107.48106,-102.23705,106.82569,-102.23706,1265.5910433070867,-1207.5242716535433
19840,107.48105,-102.89242,107.48105,-102.23706,1269.461220472441,-1211.3945669291338
19860,107.48105,-102.89241,107.48105,-101.5817,1269.461220472441,-1207.5242716535433
19880,107.48105,-102.23704,107.48105,-102.23705,1269.461220472441,-1207.524153543307
19900,107.48104,-102.23705,107.48104,-102.23705,1269.4611023622047,-1207.5242125984253
19920,108.1364,-102.23704,107.48103,-101.58168,1273.3312795275592,-1203.6538582677167
19940,107.48103,-102.23704,107.48104,-101.58168,1269.4610433070868,-1203.6538582677167
19960,107.48104,-102.23704,107.48104,-101.58169,1269.4611023622047,-1203.6539173228346
19980,107.48104,-102.89241,106.8257,-103.54778,1265.5909842519684,-1219.1349803149608
